{"blocks":[{"title":"The Future of Forms Is Here: AI-Powered Form Creation","content":"Use WPForms AI to create perfect forms in seconds by simply describing what you need. ","img":{"url":"https:\/\/plugin.wpforms.com\/wp-content\/uploads\/2024\/11\/ai-forms-hero.png","type":"hero"},"featured":false,"new":true,"version":"1.9.2","type":["lite"],"buttons":{"main":{"url":"https:\/\/wpforms.com\/wpforms-lite-upgrade\/?utm_source=WordPress&utm_campaign=liteplugin&utm_medium=Whats New Splash&utm_content=AI Forms Upgrade to Pro Lite","text":"Upgrade to Pro"},"alt":{"url":"https:\/\/wpforms.com\/the-future-of-forms-is-here-ai-powered-form-creation\/?utm_source=WordPress&utm_campaign=liteplugin&utm_medium=Whats New Splash&utm_content=AI Forms Learn More Lite","text":"Learn More"}},"layout":"full-width"},{"title":"The Future of Forms Is Here: AI-Powered Form Creation","content":"Use WPForms AI to create perfect forms in seconds by simply describing what you need.","img":{"url":"https:\/\/plugin.wpforms.com\/wp-content\/uploads\/2024\/11\/ai-forms-hero.png","type":"hero"},"featured":false,"new":true,"version":"1.9.2","type":["agency","basic","elite","plus","pro","ultimate"],"buttons":{"main":{"url":"https:\/\/wpforms.com\/docs\/generating-forms-with-wpforms-ai\/?utm_source=WordPress&utm_campaign=plugin&utm_medium=Whats New Splash&utm_content=AI Forms Get Started BasicPlusProElite","text":"Get Started"},"alt":{"url":"https:\/\/wpforms.com\/the-future-of-forms-is-here-ai-powered-form-creation\/?utm_source=WordPress&utm_campaign=plugin&utm_medium=Whats New Splash&utm_content=AI Forms Learn More BasicPlusProElite","text":"Learn More"}},"layout":"full-width"},{"title":"Streamline Your Workflow With Slack","content":"Boost efficiency with the WPForms Slack addon by instantly receiving form notifications in your Slack channel or DM of choice.","img":{"url":"https:\/\/plugin.wpforms.com\/wp-content\/uploads\/2024\/11\/slack-icon-ns.png","type":"icon"},"featured":false,"new":true,"version":"1.9.2","type":["lite"],"buttons":{"main":{"url":"https:\/\/wpforms.com\/wpforms-lite-upgrade\/?utm_source=WordPress&utm_campaign=liteplugin&utm_medium=Whats New Splash&utm_content=Slack Upgrade Now Lite","text":"Upgrade Now"},"alt":{"url":"https:\/\/wpforms.com\/streamline-your-workflow-with-the-new-wpforms-slack-addon\/?utm_source=WordPress&utm_campaign=liteplugin&utm_medium=Whats New Splash&utm_content=Slack Learn More Lite","text":"Learn More"}},"layout":"one-third-two-thirds"},{"title":"Streamline Your Workflow With Slack","content":"Boost efficiency with the WPForms Slack addon by instantly receiving form notifications in your Slack channel or DM of choice.","img":{"url":"https:\/\/plugin.wpforms.com\/wp-content\/uploads\/2024\/11\/slack-icon-ns.png","type":"icon"},"featured":false,"new":true,"version":"1.9.2","type":["agency","basic","elite","plus","pro","ultimate"],"buttons":{"main":{"url":"https:\/\/alertbi.fableadtechnolabs.com\/wp-admin\/admin.php?page=wpforms-addons","text":"Get Started"},"alt":{"url":"https:\/\/wpforms.com\/streamline-your-workflow-with-the-new-wpforms-slack-addon\/?utm_source=WordPress&utm_campaign=plugin&utm_medium=Whats New Splash&utm_content=Slack Learn More BasicPlusProElite","text":"Learn More"}},"layout":"one-third-two-thirds"},{"title":"AI-Powered Choices","content":"Use WPForms AI to instantly add choices to dropdowns, checkboxes, and multiple-choice selections. Just type a quick description and watch the choices appear, as if by magic.","img":{"url":"https:\/\/plugin.wpforms.com\/wp-content\/uploads\/2024\/09\/ai-choices-illustration-ns.png","type":"illustration","shadow":"no"},"featured":false,"new":true,"version":"1.9.1","type":["lite"],"buttons":{"main":{"url":"https:\/\/alertbi.fableadtechnolabs.com\/wp-admin\/admin.php?page=wpforms-overview","text":"Try It Out"},"alt":{"url":"https:\/\/wpforms.com\/introducing-ai-choices-a-new-era-in-form-building-starts-today\/?utm_source=WordPress&utm_campaign=liteplugin&utm_medium=Whats New Splash&utm_content=AI Choices Learn More Lite","text":"Learn More"}},"layout":"fifty-fifty"},{"title":"AI-Powered Choices","content":"Use WPForms AI to instantly add choices to dropdowns, checkboxes, and multiple-choice selections. Just type a quick description and watch the choices appear, as if by magic.","img":{"url":"https:\/\/plugin.wpforms.com\/wp-content\/uploads\/2024\/09\/ai-choices-illustration-ns.png","type":"illustration","shadow":"no"},"featured":false,"new":true,"version":"1.9.1","type":["agency","basic","elite","plus","pro","ultimate"],"buttons":{"main":{"url":"https:\/\/alertbi.fableadtechnolabs.com\/wp-admin\/admin.php?page=wpforms-overview","text":"Try It Out"},"alt":{"url":"https:\/\/wpforms.com\/introducing-ai-choices-a-new-era-in-form-building-starts-today\/?utm_source=WordPress&utm_campaign=plugin&utm_medium=Whats New Splash&utm_content=AI Choices Learn More BasicPlusProElite","text":"Learn More"}},"layout":"fifty-fifty"},{"title":"Revolutionize Forms with Repeatable Fields","content":"The repeater field lets visitors duplicate fields with a click. It's perfect for job applications, registrations, and so much more. Make your forms more flexible and collect all the information you need.","img":{"url":"https:\/\/plugin.wpforms.com\/wp-content\/uploads\/2024\/06\/repeater-field-hero.png","type":"hero"},"featured":false,"new":true,"version":"1.9.1","type":["lite"],"buttons":{"main":{"url":"https:\/\/wpforms.com\/wpforms-lite-upgrade\/?utm_source=WordPress&utm_campaign=liteplugin&utm_medium=Whats New Splash&utm_content=Repeater Field Upgrade to Pro Lite","text":"Upgrade to Pro"},"alt":{"url":"https:\/\/wpforms.com\/introducing-wpforms-1-8-9-the-repeater-field-is-here\/?utm_source=WordPress&utm_campaign=liteplugin&utm_medium=Whats New Splash&utm_content=Repeater Field Learn More Lite","text":"Learn More"}},"layout":"full-width"},{"title":"Revolutionize Forms with Repeatable Fields","content":"The repeater field lets visitors duplicate fields with a click. It's perfect for job applications, registrations, and so much more. Make your forms more flexible and collect all the information you need.","img":{"url":"https:\/\/plugin.wpforms.com\/wp-content\/uploads\/2024\/06\/repeater-field-hero.png","type":"hero"},"featured":false,"new":true,"version":"1.9.1","type":["agency","basic","elite","plus","pro","ultimate"],"buttons":{"main":{"url":"https:\/\/wpforms.com\/docs\/using-the-repeater-field\/?utm_source=WordPress&utm_campaign=plugin&utm_medium=Whats New Splash&utm_content=Repeater Field Get Started BasicPlusProElite","text":"Get Started"},"alt":{"url":"https:\/\/wpforms.com\/introducing-wpforms-1-8-9-the-repeater-field-is-here\/?utm_source=WordPress&utm_campaign=plugin&utm_medium=Whats New Splash&utm_content=Repeater Field Learn More BasicPlusProElite","text":"Learn More"}},"layout":"full-width"},{"title":"Display Order Summaries","content":"Give your customers peace of mind with a full breakdown of their order, including quantities and discounts. Display the summary before or after checkout to increase trust and conversions.","img":{"url":"https:\/\/plugin.wpforms.com\/wp-content\/uploads\/2024\/02\/order-summaries-illustration-ns.png","type":"illustration","shadow":"no"},"featured":false,"new":false,"version":"1.9.1","type":["agency","basic","elite","plus","pro","ultimate"],"buttons":{"main":{"url":"https:\/\/wpforms.com\/docs\/how-to-require-payment-total-with-a-wordpress-form\/?utm_source=WordPress&utm_campaign=plugin&utm_medium=Whats New Splash&utm_content=Order Summary Get Started BasicPlusProElite#enable-total-summary","text":"Get Started"},"alt":{"url":"https:\/\/wpforms.com\/introducing-wpforms-1-8-7-user-friendly-order-form-upgrades\/?utm_source=WordPress&utm_campaign=plugin&utm_medium=Whats New Splash&utm_content=Order Summary Learn More BasicPlusProElite","text":"Learn More"}},"layout":"fifty-fifty"},{"title":"Display Order Summaries","content":"Give your customers peace of mind with a full breakdown of their order, including quantities and discounts. Display the summary before or after checkout to increase trust and conversions.","img":{"url":"https:\/\/plugin.wpforms.com\/wp-content\/uploads\/2024\/02\/order-summaries-illustration-ns.png","type":"illustration","shadow":"no"},"featured":false,"new":false,"version":"1.9.1","type":["lite"],"buttons":{"main":{"url":"https:\/\/wpforms.com\/docs\/how-to-require-payment-total-with-a-wordpress-form\/?utm_source=WordPress&utm_campaign=liteplugin&utm_medium=Whats New Splash&utm_content=Order Summary Get Started Lite#enable-total-summary","text":"Get Started"},"alt":{"url":"https:\/\/wpforms.com\/introducing-wpforms-1-8-7-user-friendly-order-form-upgrades\/?utm_source=WordPress&utm_campaign=liteplugin&utm_medium=Whats New Splash&utm_content=Order Summary Learn More Lite","text":"Learn More"}},"layout":"fifty-fifty"},{"title":"Build Smarter Forms Faster","content":"Apply conditional logic to a group of fields using the updated Layout field, saving you time when creating your forms.","img":{"url":"https:\/\/plugin.wpforms.com\/wp-content\/uploads\/2024\/08\/layout-field-update-illustration-hs.png","type":"illustration","shadow":"yes"},"featured":false,"new":true,"version":"1.9.0","type":["agency","basic","elite","plus","pro","ultimate"],"buttons":{"main":{"url":"https:\/\/wpforms.com\/docs\/how-to-use-the-layout-field-in-wpforms\/#conditional-logic\/?utm_source=WordPress&utm_campaign=plugin&utm_medium=Whats New Splash&utm_content=Conditional Logic Layout Field Get Started BasicPlusProElite","text":"Get Started"},"alt":{"url":"https:\/\/wpforms.com\/build-smarter-forms-faster-conditional-logic-for-the-layout-field\/?utm_source=WordPress&utm_campaign=plugin&utm_medium=Whats New Splash&utm_content=Conditional Logic Layout Field Learn More BasicPlusProElite","text":"Learn More"}},"layout":"fifty-fifty"},{"title":"Build Smarter Forms Faster","content":"Apply conditional logic to a group of fields using the updated Layout field, saving you time when creating your forms.","img":{"url":"https:\/\/plugin.wpforms.com\/wp-content\/uploads\/2024\/08\/layout-field-update-illustration-hs.png","type":"illustration","shadow":"yes"},"featured":false,"new":true,"version":"1.9.0","type":["lite"],"buttons":{"main":{"url":"https:\/\/wpforms.com\/wpforms-lite-upgrade\/?utm_source=WordPress&utm_campaign=liteplugin&utm_medium=Whats New Splash&utm_content=Conditional Logic Layout Field Upgrade to Pro Lite","text":"Upgrade to Pro"},"alt":{"url":"https:\/\/wpforms.com\/build-smarter-forms-faster-conditional-logic-for-the-layout-field\/?utm_source=WordPress&utm_campaign=liteplugin&utm_medium=Whats New Splash&utm_content=Conditional Logic Layout Field Learn More Lite","text":"Learn More"}},"layout":"fifty-fifty"},{"title":"Style Forms Without Writing Code","content":"Styling your forms just got easier. Choose a pre-designed theme for your forms or build your own custom color combination. Now you can change your label, button, and field styles and instantly see results in real-time.","img":{"url":"https:\/\/plugin.wpforms.com\/wp-content\/uploads\/2024\/04\/forms-styles-2-0-form-themes-ns.png","type":"illustration","shadow":"no"},"featured":false,"new":true,"version":"1.9.0","type":["lite"],"buttons":{"main":{"url":"https:\/\/wpforms.com\/docs\/styling-your-forms\/?utm_source=WordPress&utm_campaign=liteplugin&utm_medium=Whats New Splash&utm_content=Form Styles v2 Try It Out Lite","text":"Try it Out"},"alt":{"url":"https:\/\/wpforms.com\/introducing-wpforms-1-8-8-form-themes-and-custom-templates\/?utm_source=WordPress&utm_campaign=liteplugin&utm_medium=Whats New Splash&utm_content=Form Styles v2 Learn More Lite","text":"Learn More"}},"layout":"fifty-fifty"},{"title":"Style Forms Without Writing Code","content":"Styling your forms just got easier. Choose a pre-designed theme for your forms or build your own custom color combination. Try the new background picker and see a real-time preview of your finished form.","img":{"url":"https:\/\/plugin.wpforms.com\/wp-content\/uploads\/2024\/04\/form-themes-illustration-ns-1.png","type":"illustration","shadow":"no"},"featured":false,"new":true,"version":"1.9.0","type":["agency","basic","elite","plus","pro","ultimate"],"buttons":{"main":{"url":"https:\/\/wpforms.com\/docs\/styling-your-forms\/?utm_source=WordPress&utm_campaign=plugin&utm_medium=Whats New Splash&utm_content=Form Styles v2 Try It Out BasicPlusProElite","text":"Try it Out"},"alt":{"url":"https:\/\/wpforms.com\/introducing-wpforms-1-8-8-form-themes-and-custom-templates\/?utm_source=WordPress&utm_campaign=plugin&utm_medium=Whats New Splash&utm_content=Form Styles v2 Learn More BasicPlusProElite","text":"Learn More"}},"layout":"fifty-fifty"},{"title":"Payment Quantities are Here","content":"Boost your income with improved payment fields. Just turn on quantities for any order form field and allow customers to buy multiples of the same item with ease.","img":{"url":"https:\/\/plugin.wpforms.com\/wp-content\/uploads\/2024\/02\/product-quantity-illustration-hs.png","type":"illustration","shadow":"yes"},"featured":false,"new":true,"version":"1.8.8","type":["lite"],"buttons":{"main":{"url":"https:\/\/wpforms.com\/docs\/enabling-quantity-selection-in-your-payment-forms\/?utm_source=WordPress&utm_campaign=liteplugin&utm_medium=Whats New Splash&utm_content=Payment Quantities Get Started Lite","text":"Get Started"},"alt":{"url":"https:\/\/wpforms.com\/introducing-wpforms-1-8-7-user-friendly-order-form-upgrades\/?utm_source=WordPress&utm_campaign=liteplugin&utm_medium=Whats New Splash&utm_content=Payment Quantities Learn More Lite","text":"Learn More"}},"layout":"fifty-fifty"},{"title":"Payment Quantities are Here","content":"Boost your income with improved payment fields. Just turn on quantities for any order form field and allow customers to buy multiples of the same item with ease.","img":{"url":"https:\/\/plugin.wpforms.com\/wp-content\/uploads\/2024\/02\/product-quantity-illustration-hs.png","type":"illustration","shadow":"yes"},"featured":false,"new":true,"version":"1.8.8","type":["agency","basic","elite","plus","pro","ultimate"],"buttons":{"main":{"url":"https:\/\/wpforms.com\/docs\/enabling-quantity-selection-in-your-payment-forms\/?utm_source=WordPress&utm_campaign=plugin&utm_medium=Whats New Splash&utm_content=Payment Quantities Get Started BasicPlusProElite","text":"Get Started"},"alt":{"url":"https:\/\/wpforms.com\/introducing-wpforms-1-8-7-user-friendly-order-form-upgrades\/?utm_source=WordPress&utm_campaign=plugin&utm_medium=Whats New Splash&utm_content=Payment Quantities Learn More BasicPlusProElite","text":"Learn More"}},"layout":"fifty-fifty"},{"title":"Pre-Made Email Templates","content":"Give a great first impression with professionally designed form notifications. Choose from different email template designs and customize your notifications to match your website theme and branding. ","img":{"url":"https:\/\/plugin.wpforms.com\/wp-content\/uploads\/2024\/02\/email-templates-illustration-ns.png","type":"illustration","shadow":"no"},"featured":false,"new":true,"version":"1.8.8","type":["agency","basic","elite","plus","pro","ultimate"],"buttons":{"main":{"url":"https:\/\/alertbi.fableadtechnolabs.com\/wp-admin\/admin.php?page=wpforms-settings&view=email","text":"Customize Emails"},"alt":{"url":"https:\/\/wpforms.com\/introducing-wpforms-1-8-5-new-email-templates\/?utm_source=WordPress&utm_campaign=plugin&utm_medium=Whats New Splash&utm_content=Email Templates Learn More BasicPlusProElite","text":"Learn More"}},"layout":"fifty-fifty"},{"title":"Pre-Made Email Templates","content":"Give a great first impression with professionally designed form notifications. Choose from different email template designs and customize your notifications to match your website theme and branding. ","img":{"url":"https:\/\/plugin.wpforms.com\/wp-content\/uploads\/2024\/02\/email-templates-illustration-ns.png","type":"illustration","shadow":"no"},"featured":false,"new":true,"version":"1.8.8","type":["lite"],"buttons":{"main":{"url":"https:\/\/alertbi.fableadtechnolabs.com\/wp-admin\/admin.php?page=wpforms-settings&view=email","text":"Customize Emails"},"alt":{"url":"https:\/\/wpforms.com\/introducing-wpforms-1-8-5-new-email-templates\/?utm_source=WordPress&utm_campaign=liteplugin&utm_medium=Whats New Splash&utm_content=Email Templates Learn More Lite","text":"Learn More"}},"layout":"fifty-fifty"},{"title":"Calculations Addon is Here","content":"Create unique, realtime calculator forms in WordPress, with endless possibilities for customization. Get more sales inquiries with dynamic lead magnets, automated discounts, and instant quotes.","img":{"url":"https:\/\/plugin.wpforms.com\/wp-content\/uploads\/2024\/02\/calculations-icon-ns.png","type":"icon"},"featured":false,"new":false,"version":"1.8.8","type":["lite"],"buttons":{"main":{"url":"https:\/\/wpforms.com\/wpforms-lite-upgrade\/?utm_source=WordPress&utm_campaign=liteplugin&utm_medium=Whats New Splash&utm_content=Calculations Upgrade to Pro Lite","text":"Upgrade to Pro"},"alt":{"url":"https:\/\/wpforms.com\/introducing-new-wpforms-calculations-addon\/?utm_source=WordPress&utm_campaign=liteplugin&utm_medium=Whats New Splash&utm_content=Calculations Learn More Lite","text":"Learn More"}},"layout":"one-third-two-thirds"},{"title":"Calculations Addon is Here","content":"Create unique, realtime calculator forms in WordPress, with endless possibilities for customization. Get more sales inquiries with dynamic lead magnets, automated discounts, and instant quotes.","img":{"url":"https:\/\/plugin.wpforms.com\/wp-content\/uploads\/2024\/02\/calculations-icon-ns.png","type":"icon"},"featured":false,"new":false,"version":"1.8.8","type":["basic","plus"],"buttons":{"main":{"url":"https:\/\/wpforms.com\/account\/licenses\/?utm_source=WordPress&utm_campaign=plugin&utm_medium=Whats New Splash&utm_content=Calculations Upgrade to Pro BasicPlus","text":"Upgrade to Pro"},"alt":{"url":"https:\/\/wpforms.com\/introducing-new-wpforms-calculations-addon\/?utm_source=WordPress&utm_campaign=plugin&utm_medium=Whats New Splash&utm_content=Calculations Learn More BasicPlus","text":"Learn More"}},"layout":"one-third-two-thirds"},{"title":"Calculations Addon is Here","content":"Create unique, realtime calculator forms in WordPress, with endless possibilities for customization. Get more sales inquiries with dynamic lead magnets, automated discounts, and instant quotes.","img":{"url":"https:\/\/plugin.wpforms.com\/wp-content\/uploads\/2024\/02\/calculations-icon-ns.png","type":"icon"},"featured":false,"new":false,"version":"1.8.8","type":["agency","elite","pro","ultimate"],"buttons":{"main":{"url":"https:\/\/alertbi.fableadtechnolabs.com\/wp-admin\/admin.php?page=wpforms-addons","text":"Start Using Calculations"},"alt":{"url":"https:\/\/wpforms.com\/introducing-new-wpforms-calculations-addon\/?utm_source=WordPress&utm_campaign=plugin&utm_medium=Whats New Splash&utm_content=Calculations Learn More ProElite","text":"Learn More"}},"layout":"one-third-two-thirds"}]}