[{"fields":{"0":{"id":"0","type":"name","label":"Name","format":"simple","description":"","required":"1","size":"large","simple_placeholder":"Full name","simple_default":"","first_placeholder":"","first_default":"","middle_placeholder":"","middle_default":"","last_placeholder":"","last_default":"","css":""},"1":{"id":"1","type":"email","label":"Email","description":"","required":"1","size":"large","placeholder":"Email address","confirmation_placeholder":"","default_value":"","css":"","filter_type":"","allowlist":"","denylist":""},"3":{"id":"3","type":"text","label":"Company","description":"","required":"1","size":"large","placeholder":"Company name","limit_count":"1","limit_mode":"characters","default_value":"","css":"","input_mask":""},"2":{"id":"2","type":"textarea","label":"Message","description":"","required":"1","size":"small","placeholder":"Your message here..","limit_count":"1","limit_mode":"characters","default_value":"","css":""}},"id":"137","field_id":"4","settings":{"form_title":"Get a Quote","form_desc":"","form_class":"","submit_text":"Send me quote","submit_text_processing":"Sending...","submit_class":"","antispam":"1","notification_enable":"1","notifications":{"1":{"email":"{admin_email}","subject":"New Entry: Simple Contact Form","sender_name":"Security Services","sender_address":"{admin_email}","replyto":"{field_id=\"1\"}","message":"{all_fields}"}},"confirmations":{"1":{"type":"message","message":"Thanks for contacting us! We will be in touch with you shortly.","message_scroll":"1","page":"25","redirect":""}}},"meta":{"template":"contact"}}]