{"id-53702":{"title":"Fast Food Restaurant","id":53702,"publish-date":1620420634,"featured-image-url":"https:\/\/websitedemos.net\/wp-content\/uploads\/2021\/05\/fast-food-02-home.jpg","thumbnail-image-url":"https:\/\/websitedemos.net\/wp-content\/uploads\/2021\/05\/fast-food-02-home.jpg","fullpage-thumbnail-image-url":"https:\/\/websitedemos.net\/wp-content\/uploads\/2021\/05\/fast-food-02-home.jpg","astra-site-url":"\/\/websitedemos.net\/fast-food-04","astra-site-parent-id":1990,"astra-sites-tag":{"1996":"burger","3416":"elementor","2011":"fast-food-chain","2013":"fast-food-restaurant","350":"hotel","1844":"premium","335":"restaurant","2020":"restaurant-chain","1993":"snack-food"},"astra-sites-type":"agency-mini","astra-site-category":{"27":"business"},"astra-sites-template-category":{"2777":"business","2785":"food","2876":"food-ordering","2776":"restaurant"},"astra-site-page-builder":"elementor","categories":{"3427":"default","3429":"premium","2496":"restaurant-food"},"required-plugins":[{"slug":"elementor","init":"elementor\/elementor.php","name":"Elementor"},{"slug":"wpforms-lite","init":"wpforms-lite\/wpforms.php","name":"WPForms Lite"}],"post-status":"publish","post-content":"<!-- wp:paragraph -->\n<p>Do you own a takeaway joint or an international fast-food chain franchise? Want to take it online? If so, you should consider our Fast Food Restaurant template. With an impressive design layout and opportune use of images, customers are sure to connect with you instantaneously.<\/p>\n<!-- \/wp:paragraph -->\n\n<!-- wp:paragraph -->\n<p>From an online ordering system, menus, deals and offers to customer reviews, outlet details, and more, the template includes everything you need to offer your customers and build an excellent fast food restaurant website.<\/p>\n<!-- \/wp:paragraph -->\n\n<!-- wp:heading -->\n<h2>Key features of the Fast Food Restaurant template<\/h2>\n<!-- \/wp:heading -->\n\n<!-- wp:list -->\n<ul><li>Vibrant and creative design<\/li><li>Impressive use of images with overlay text and call-to-action buttons<\/li><li>Parallax background effects to enhance user engagement<\/li><li>WooCommerce-ready allowing you to sell online<\/li><li>100% customizable and responsive website template<\/li><\/ul>\n<!-- \/wp:list -->","post-excerpt":"Create equally mouth-watering websites using our Fast Food Restaurant template","pages":{"id-53706":{"title":"Home","featured-image-url":"https:\/\/websitedemos.net\/wp-content\/uploads\/2021\/05\/fast-food-02-home.jpg","thumbnail-image-url":"https:\/\/websitedemos.net\/wp-content\/uploads\/2021\/05\/fast-food-02-home.jpg","astra-page-api-url":"https:\/\/websitedemos.net\/fast-food-04\/wp-json\/wp\/v2\/pages\/6","dynamic-page":"no","astra-page-url":"\/\/websitedemos.net\/fast-food-04\/","astra-sites-tag":{"423":"home"},"site-pages-type":"agency-mini","site-pages-page-builder":"elementor","site-pages-category":[],"site-pages-parent-category":{"60":"business"},"required-plugins":[{"slug":"elementor","init":"elementor\/elementor.php","name":"Elementor"}]},"id-53703":{"title":"About","featured-image-url":"https:\/\/websitedemos.net\/wp-content\/uploads\/2021\/05\/fast-food-02-about.jpg","thumbnail-image-url":"https:\/\/websitedemos.net\/wp-content\/uploads\/2021\/05\/fast-food-02-about.jpg","astra-page-api-url":"https:\/\/websitedemos.net\/fast-food-04\/wp-json\/wp\/v2\/pages\/20","dynamic-page":"no","astra-page-url":"\/\/websitedemos.net\/fast-food-04\/about\/","astra-sites-tag":{"352":"about"},"site-pages-type":"agency-mini","site-pages-page-builder":"elementor","site-pages-category":[],"site-pages-parent-category":{"60":"business"},"required-plugins":[{"slug":"elementor","init":"elementor\/elementor.php","name":"Elementor"}]},"id-53708":{"title":"Our Menu","featured-image-url":"https:\/\/websitedemos.net\/wp-content\/uploads\/2021\/05\/fast-food-02-our-menu.jpg","thumbnail-image-url":"https:\/\/websitedemos.net\/wp-content\/uploads\/2021\/05\/fast-food-02-our-menu.jpg","astra-page-api-url":"https:\/\/websitedemos.net\/fast-food-04\/wp-json\/wp\/v2\/pages\/12","dynamic-page":"no","astra-page-url":"\/\/websitedemos.net\/fast-food-04\/our-menu\/","astra-sites-tag":{"565":"menu"},"site-pages-type":"agency-mini","site-pages-page-builder":"elementor","site-pages-category":[],"site-pages-parent-category":{"60":"business"},"required-plugins":[{"slug":"elementor","init":"elementor\/elementor.php","name":"Elementor"}]},"id-53705":{"title":"Franchisee","featured-image-url":"https:\/\/websitedemos.net\/wp-content\/uploads\/2021\/05\/fast-food-02-franchisee.jpg","thumbnail-image-url":"https:\/\/websitedemos.net\/wp-content\/uploads\/2021\/05\/fast-food-02-franchisee.jpg","astra-page-api-url":"https:\/\/websitedemos.net\/fast-food-04\/wp-json\/wp\/v2\/pages\/22","dynamic-page":"no","astra-page-url":"\/\/websitedemos.net\/fast-food-04\/franchisee\/","astra-sites-tag":{"1991":"franchisee"},"site-pages-type":"agency-mini","site-pages-page-builder":"elementor","site-pages-category":[],"site-pages-parent-category":{"60":"business"},"required-plugins":[{"slug":"elementor","init":"elementor\/elementor.php","name":"Elementor"}]},"id-53707":{"title":"Offers","featured-image-url":"https:\/\/websitedemos.net\/wp-content\/uploads\/2021\/05\/fast-food-02-offers.jpg","thumbnail-image-url":"https:\/\/websitedemos.net\/wp-content\/uploads\/2021\/05\/fast-food-02-offers.jpg","astra-page-api-url":"https:\/\/websitedemos.net\/fast-food-04\/wp-json\/wp\/v2\/pages\/14","dynamic-page":"no","astra-page-url":"\/\/websitedemos.net\/fast-food-04\/offers\/","astra-sites-tag":{"1969":"offers"},"site-pages-type":"agency-mini","site-pages-page-builder":"elementor","site-pages-category":[],"site-pages-parent-category":{"60":"business"},"required-plugins":[{"slug":"elementor","init":"elementor\/elementor.php","name":"Elementor"}]},"id-53704":{"title":"Contact","featured-image-url":"https:\/\/websitedemos.net\/wp-content\/uploads\/2021\/05\/fast-food-02-contact.jpg","thumbnail-image-url":"https:\/\/websitedemos.net\/wp-content\/uploads\/2021\/05\/fast-food-02-contact.jpg","astra-page-api-url":"https:\/\/websitedemos.net\/fast-food-04\/wp-json\/wp\/v2\/pages\/27","dynamic-page":"no","astra-page-url":"\/\/websitedemos.net\/fast-food-04\/contact\/","astra-sites-tag":{"415":"contact"},"site-pages-type":"agency-mini","site-pages-page-builder":"elementor","site-pages-category":[],"site-pages-parent-category":{"60":"business"},"required-plugins":[{"slug":"elementor","init":"elementor\/elementor.php","name":"Elementor"},{"slug":"wpforms-lite","init":"wpforms-lite\/wpforms.php","name":"WPForms Lite"}]}},"related-bb-template":"","related-elementor-template":53702,"related-gutenberg-template":85448,"related_ecommerce_template":"","ecommerce_parent_template":""},"id-59264":{"title":"Personal Portfolio","id":59264,"publish-date":1644408071,"featured-image-url":"https:\/\/websitedemos.net\/wp-content\/uploads\/2022\/02\/personal-portfolios-02.jpg","thumbnail-image-url":"https:\/\/websitedemos.net\/wp-content\/uploads\/2022\/02\/personal-portfolios-02-600x2814.jpg","fullpage-thumbnail-image-url":"https:\/\/websitedemos.net\/wp-content\/uploads\/2022\/02\/personal-portfolios-02-400x1876.jpg","astra-site-url":"\/\/websitedemos.net\/personal-portfolio-02","astra-site-parent-id":2587,"astra-sites-tag":{"2151":"curriculum-vitae","2150":"cv","3416":"elementor","1903":"personal-website","444":"portfolio","2153":"resume","2152":"work-profile"},"astra-sites-type":"free","astra-site-category":{"39":"free"},"astra-sites-template-category":{"2810":"freelance","2768":"portfolio","2783":"resume"},"astra-site-page-builder":"elementor","categories":{"3427":"default","3428":"free","2488":"portfolio"},"required-plugins":[{"slug":"elementor","init":"elementor\/elementor.php","name":"Elementor"},{"slug":"wpforms-lite","init":"wpforms-lite\/wpforms.php","name":"WPForms Lite"}],"post-status":"publish","post-content":"<!-- wp:paragraph -->\n<p>The Personal Portfolio template has been designed to showcase you and your services without going over the top. The homepage image sets the scene and the use of serif fonts and calm colors inspire confidence.<\/p>\n<!-- \/wp:paragraph -->\n\n<!-- wp:paragraph -->\n<p>The template includes lots of options to tell your story, add examples of work, testimonials, images, video and other content. There\u2019s also a readymade portfolio page to help you promote your work.<\/p>\n<!-- \/wp:paragraph -->\n\n<!-- wp:heading -->\n<h2>Key features of the Personal Portfolio template<\/h2>\n<!-- \/wp:heading -->\n\n<!-- wp:list -->\n<ul><li>Simple and attractive portfolio web template<\/li><li>Header image and headline make an instant connection<\/li><li>Pastel colors and serif fonts help inspire confidence<\/li><li>Lots of options to promote yourself and your work<\/li><li>Readymade portfolio and contact pages<\/li><li>Fully compatible with popular drag and drop page builders<\/li><\/ul>\n<!-- \/wp:list -->","post-excerpt":"Attractive portfolio template that\u2019s ideal for showcasing personal or professional work","pages":{"id-59267":{"title":"Home","featured-image-url":"https:\/\/websitedemos.net\/wp-content\/uploads\/2022\/02\/personal-portfolios-02.jpg","thumbnail-image-url":"https:\/\/websitedemos.net\/wp-content\/uploads\/2022\/02\/personal-portfolios-02-600x2814.jpg","astra-page-api-url":"https:\/\/websitedemos.net\/personal-portfolio-02\/wp-json\/wp\/v2\/pages\/7","dynamic-page":"no","astra-page-url":"\/\/websitedemos.net\/personal-portfolio-02\/","astra-sites-tag":{"423":"home"},"site-pages-type":"free","site-pages-page-builder":"elementor","site-pages-category":[],"site-pages-parent-category":{"61":"free"},"required-plugins":[{"slug":"elementor","init":"elementor\/elementor.php","name":"Elementor"}]},"id-59265":{"title":"About","featured-image-url":"https:\/\/websitedemos.net\/wp-content\/uploads\/2022\/02\/personal-portfolio-02-about-.jpg","thumbnail-image-url":"https:\/\/websitedemos.net\/wp-content\/uploads\/2022\/02\/personal-portfolio-02-about-.jpg","astra-page-api-url":"https:\/\/websitedemos.net\/personal-portfolio-02\/wp-json\/wp\/v2\/pages\/9","dynamic-page":"no","astra-page-url":"\/\/websitedemos.net\/personal-portfolio-02\/about\/","astra-sites-tag":{"352":"about"},"site-pages-type":"free","site-pages-page-builder":"elementor","site-pages-category":[],"site-pages-parent-category":{"61":"free"},"required-plugins":[{"slug":"elementor","init":"elementor\/elementor.php","name":"Elementor"}]},"id-59268":{"title":"Portfolio","featured-image-url":"https:\/\/websitedemos.net\/wp-content\/uploads\/2022\/02\/personal-portfolio-02-portfolio.jpg","thumbnail-image-url":"https:\/\/websitedemos.net\/wp-content\/uploads\/2022\/02\/personal-portfolio-02-portfolio.jpg","astra-page-api-url":"https:\/\/websitedemos.net\/personal-portfolio-02\/wp-json\/wp\/v2\/pages\/13","dynamic-page":"no","astra-page-url":"\/\/websitedemos.net\/personal-portfolio-02\/portfolio\/","astra-sites-tag":{"444":"portfolio"},"site-pages-type":"free","site-pages-page-builder":"elementor","site-pages-category":[],"site-pages-parent-category":{"61":"free"},"required-plugins":[{"slug":"elementor","init":"elementor\/elementor.php","name":"Elementor"}]},"id-59266":{"title":"Contact","featured-image-url":"https:\/\/websitedemos.net\/wp-content\/uploads\/2022\/02\/personal-portfolio-02-contact.jpg","thumbnail-image-url":"https:\/\/websitedemos.net\/wp-content\/uploads\/2022\/02\/personal-portfolio-02-contact.jpg","astra-page-api-url":"https:\/\/websitedemos.net\/personal-portfolio-02\/wp-json\/wp\/v2\/pages\/11","dynamic-page":"no","astra-page-url":"\/\/websitedemos.net\/personal-portfolio-02\/contact\/","astra-sites-tag":{"415":"contact"},"site-pages-type":"free","site-pages-page-builder":"elementor","site-pages-category":[],"site-pages-parent-category":{"61":"free"},"required-plugins":[{"slug":"elementor","init":"elementor\/elementor.php","name":"Elementor"},{"slug":"wpforms-lite","init":"wpforms-lite\/wpforms.php","name":"WPForms Lite"}]}},"related-bb-template":"","related-elementor-template":59264,"related-gutenberg-template":59219,"related_ecommerce_template":"","ecommerce_parent_template":""},"id-71221":{"title":"Flavio Restaurant","id":71221,"publish-date":1672840358,"featured-image-url":"https:\/\/websitedemos.net\/wp-content\/uploads\/2023\/01\/flavio-restaurant-04.jpg","thumbnail-image-url":"https:\/\/websitedemos.net\/wp-content\/uploads\/2023\/01\/flavio-restaurant-04-600x2452.jpg","fullpage-thumbnail-image-url":"https:\/\/websitedemos.net\/wp-content\/uploads\/2023\/01\/flavio-restaurant-04-400x1634.jpg","astra-site-url":"\/\/websitedemos.net\/flavio-restaurant-04","astra-site-parent-id":3068,"astra-sites-tag":{"3070":"delicious-food-restaurant","561":"eatery","3416":"elementor","336":"food","2067":"food-and-restaurant","1579":"food-menu","559":"outlet","1844":"premium","335":"restaurant","970":"restro"},"astra-sites-type":"agency-mini","astra-site-category":{"27":"business"},"astra-sites-template-category":{"2777":"business","2785":"food","2876":"food-ordering","2776":"restaurant"},"astra-site-page-builder":"elementor","categories":{"3427":"default","3429":"premium","2496":"restaurant-food"},"required-plugins":[{"slug":"elementor","init":"elementor\/elementor.php","name":"Elementor"},{"slug":"ultimate-elementor","init":"ultimate-elementor\/ultimate-elementor.php","name":"Ultimate Addons for Elementor"},{"slug":"wpforms-lite","init":"wpforms-lite\/wpforms.php","name":"WPForms Lite"}],"post-status":"publish","post-content":"<!-- wp:paragraph -->\n<p>The Flavio Restaurant website template is a modern fullscreen design with a mixture of modern and handwritten fonts and beautiful images of food throughout. It\u2019s an engaging design with lots of color and imagery to catch the eye.<\/p>\n<!-- \/wp:paragraph -->\n\n<!-- wp:paragraph -->\n<p>The Flavio Restaurant design has an attractive menu section with dedicated pages, a built in reservation element, attractive contact form with map and the social media elements you expect from a restaurant website. Everything can be fully customized to suit.<\/p>\n<!-- \/wp:paragraph -->\n\n<!-- wp:heading -->\n<h2>Key features of the Flavio Restaurant template<\/h2>\n<!-- \/wp:heading -->\n\n<!-- wp:list -->\n<ul><!-- wp:list-item -->\n<li>Modern fullscreen Flavio Restaurant template<\/li>\n<!-- \/wp:list-item -->\n\n<!-- wp:list-item -->\n<li>Lots of color and attractive typography<\/li>\n<!-- \/wp:list-item -->\n\n<!-- wp:list-item -->\n<li>Engaging images of food throughout<\/li>\n<!-- \/wp:list-item -->\n\n<!-- wp:list-item -->\n<li>Menu section and dedicated page<\/li>\n<!-- \/wp:list-item -->\n\n<!-- wp:list-item -->\n<li>Full compatibility with leading page builders<\/li>\n<!-- \/wp:list-item --><\/ul>\n<!-- \/wp:list -->","post-excerpt":"Bright and colorful design ideal for contemporary restaurant websites","pages":{"id-71224":{"title":"Home","featured-image-url":"https:\/\/websitedemos.net\/wp-content\/uploads\/2023\/01\/flavio-restaurant-04.jpg","thumbnail-image-url":"https:\/\/websitedemos.net\/wp-content\/uploads\/2023\/01\/flavio-restaurant-04-600x2452.jpg","astra-page-api-url":"https:\/\/websitedemos.net\/flavio-restaurant-04\/wp-json\/wp\/v2\/pages\/8","dynamic-page":"no","astra-page-url":"\/\/websitedemos.net\/flavio-restaurant-04\/","astra-sites-tag":{"423":"home"},"site-pages-type":"agency-mini","site-pages-page-builder":"elementor","site-pages-category":[],"site-pages-parent-category":{"60":"business"},"required-plugins":[{"slug":"elementor","init":"elementor\/elementor.php","name":"Elementor"},{"slug":"ultimate-elementor","init":"ultimate-elementor\/ultimate-elementor.php","name":"Ultimate Addons for Elementor"},{"slug":"wpforms-lite","init":"wpforms-lite\/wpforms.php","name":"WPForms Lite"}]},"id-71223":{"title":"History","featured-image-url":"https:\/\/websitedemos.net\/wp-content\/uploads\/2023\/01\/flavio-restaurant-04-history.jpg","thumbnail-image-url":"https:\/\/websitedemos.net\/wp-content\/uploads\/2023\/01\/flavio-restaurant-04-history-600x2110.jpg","astra-page-api-url":"https:\/\/websitedemos.net\/flavio-restaurant-04\/wp-json\/wp\/v2\/pages\/105","dynamic-page":"no","astra-page-url":"\/\/websitedemos.net\/flavio-restaurant-04\/history\/","astra-sites-tag":{"645":"history"},"site-pages-type":"agency-mini","site-pages-page-builder":"elementor","site-pages-category":[],"site-pages-parent-category":{"60":"business"},"required-plugins":[{"slug":"elementor","init":"elementor\/elementor.php","name":"Elementor"},{"slug":"ultimate-elementor","init":"ultimate-elementor\/ultimate-elementor.php","name":"Ultimate Addons for Elementor"},{"slug":"wpforms-lite","init":"wpforms-lite\/wpforms.php","name":"WPForms Lite"}]},"id-71225":{"title":"Our Menu","featured-image-url":"https:\/\/websitedemos.net\/wp-content\/uploads\/2023\/01\/flavio-restaurant-04-our-menu.jpg","thumbnail-image-url":"https:\/\/websitedemos.net\/wp-content\/uploads\/2023\/01\/flavio-restaurant-04-our-menu-600x1444.jpg","astra-page-api-url":"https:\/\/websitedemos.net\/flavio-restaurant-04\/wp-json\/wp\/v2\/pages\/107","dynamic-page":"no","astra-page-url":"\/\/websitedemos.net\/flavio-restaurant-04\/our-menu\/","astra-sites-tag":{"1578":"our-menu"},"site-pages-type":"agency-mini","site-pages-page-builder":"elementor","site-pages-category":[],"site-pages-parent-category":{"60":"business"},"required-plugins":[{"slug":"elementor","init":"elementor\/elementor.php","name":"Elementor"},{"slug":"ultimate-elementor","init":"ultimate-elementor\/ultimate-elementor.php","name":"Ultimate Addons for Elementor"},{"slug":"wpforms-lite","init":"wpforms-lite\/wpforms.php","name":"WPForms Lite"}]},"id-71222":{"title":"Contact","featured-image-url":"https:\/\/websitedemos.net\/wp-content\/uploads\/2023\/01\/flavio-restaurant-04-contact.jpg","thumbnail-image-url":"https:\/\/websitedemos.net\/wp-content\/uploads\/2023\/01\/flavio-restaurant-04-contact-600x943.jpg","astra-page-api-url":"https:\/\/websitedemos.net\/flavio-restaurant-04\/wp-json\/wp\/v2\/pages\/100","dynamic-page":"no","astra-page-url":"\/\/websitedemos.net\/flavio-restaurant-04\/contact\/","astra-sites-tag":{"415":"contact"},"site-pages-type":"agency-mini","site-pages-page-builder":"elementor","site-pages-category":[],"site-pages-parent-category":{"60":"business"},"required-plugins":[{"slug":"elementor","init":"elementor\/elementor.php","name":"Elementor"},{"slug":"ultimate-elementor","init":"ultimate-elementor\/ultimate-elementor.php","name":"Ultimate Addons for Elementor"},{"slug":"wpforms-lite","init":"wpforms-lite\/wpforms.php","name":"WPForms Lite"}]}},"related-bb-template":"","related-elementor-template":71221,"related-gutenberg-template":87360,"related_ecommerce_template":"","ecommerce_parent_template":""},"id-59063":{"title":"Heating And A\/C Technician","id":59063,"publish-date":1643645899,"featured-image-url":"https:\/\/websitedemos.net\/wp-content\/uploads\/2022\/01\/heating-and-ac-technician-02-home.jpg","thumbnail-image-url":"https:\/\/websitedemos.net\/wp-content\/uploads\/2022\/01\/heating-and-ac-technician-02-home.jpg","fullpage-thumbnail-image-url":"https:\/\/websitedemos.net\/wp-content\/uploads\/2022\/01\/heating-and-ac-technician-02-home.jpg","astra-site-url":"\/\/websitedemos.net\/heating-and-ac-technician-02","astra-site-parent-id":2571,"astra-sites-tag":{"599":"ac-repair","2573":"air-conditioning-service","3416":"elementor","439":"local-services","2572":"manufacturer","2094":"mechanic","600":"repair-services","441":"technician"},"astra-sites-type":"free","astra-site-category":{"27":"business","39":"free"},"astra-sites-template-category":{"2831":"service"},"astra-site-page-builder":"elementor","categories":{"3427":"default","3428":"free","2471":"local-technician"},"required-plugins":[{"slug":"elementor","init":"elementor\/elementor.php","name":"Elementor"},{"slug":"wpforms-lite","init":"wpforms-lite\/wpforms.php","name":"WPForms Lite"}],"post-status":"publish","post-content":"<!-- wp:paragraph -->\n<p>The Heating And A\/C Technician template has a minimalist feel even though it packs in the features. Thanks to a light page design with nice colors and modern fonts, the design has instant appeal with minimal distraction.<\/p>\n<!-- \/wp:paragraph -->\n\n<!-- wp:paragraph -->\n<p>The homepage includes blocks for most uses, with the opportunity to add or remove them as required. Additional pages all reflect the core design to deliver the information visitors will need.<\/p>\n<!-- \/wp:paragraph -->\n\n<!-- wp:heading {\"UAGDay\":[]} -->\n<h2 class=\"wp-block-heading\">Key features of the Heating And A\/C Technician template<\/h2>\n<!-- \/wp:heading -->\n\n<!-- wp:list -->\n<ul><!-- wp:list-item -->\n<li>Light, open design that draws you in<\/li>\n<!-- \/wp:list-item -->\n\n<!-- wp:list-item -->\n<li>Great use of subtle colors and modern fonts<\/li>\n<!-- \/wp:list-item -->\n\n<!-- wp:list-item -->\n<li>Calls to action and buttons stand out to help engage<\/li>\n<!-- \/wp:list-item -->\n\n<!-- wp:list-item -->\n<li>Option to add or remove page blocks however you need<\/li>\n<!-- \/wp:list-item -->\n\n<!-- wp:list-item -->\n<li>Subtle animations and parallax effects work well<\/li>\n<!-- \/wp:list-item -->\n\n<!-- wp:list-item -->\n<li>Fully compatible with drag and drop page builders<\/li>\n<!-- \/wp:list-item --><\/ul>\n<!-- \/wp:list -->","post-excerpt":"Minimalist design that lets you showcase your heating or AC business in an engaging way","pages":{"id-59066":{"title":"Home","featured-image-url":"https:\/\/websitedemos.net\/wp-content\/uploads\/2022\/01\/heating-and-ac-technician-02-home.jpg","thumbnail-image-url":"https:\/\/websitedemos.net\/wp-content\/uploads\/2022\/01\/heating-and-ac-technician-02-home.jpg","astra-page-api-url":"https:\/\/websitedemos.net\/heating-and-ac-technician-02\/wp-json\/wp\/v2\/pages\/10","dynamic-page":"no","astra-page-url":"\/\/websitedemos.net\/heating-and-ac-technician-02\/","astra-sites-tag":{"423":"home"},"site-pages-type":"free","site-pages-page-builder":"elementor","site-pages-category":[],"site-pages-parent-category":{"60":"business","61":"free"},"required-plugins":[{"slug":"elementor","init":"elementor\/elementor.php","name":"Elementor"}]},"id-59064":{"title":"About","featured-image-url":"https:\/\/websitedemos.net\/wp-content\/uploads\/2022\/01\/heating-and-ac-technician-02-about.jpg","thumbnail-image-url":"https:\/\/websitedemos.net\/wp-content\/uploads\/2022\/01\/heating-and-ac-technician-02-about.jpg","astra-page-api-url":"https:\/\/websitedemos.net\/heating-and-ac-technician-02\/wp-json\/wp\/v2\/pages\/12","dynamic-page":"no","astra-page-url":"\/\/websitedemos.net\/heating-and-ac-technician-02\/about\/","astra-sites-tag":{"352":"about"},"site-pages-type":"free","site-pages-page-builder":"elementor","site-pages-category":[],"site-pages-parent-category":{"60":"business","61":"free"},"required-plugins":[{"slug":"elementor","init":"elementor\/elementor.php","name":"Elementor"}]},"id-59067":{"title":"Services","featured-image-url":"https:\/\/websitedemos.net\/wp-content\/uploads\/2022\/01\/heating-and-ac-technician-02-services.jpg","thumbnail-image-url":"https:\/\/websitedemos.net\/wp-content\/uploads\/2022\/01\/heating-and-ac-technician-02-services.jpg","astra-page-api-url":"https:\/\/websitedemos.net\/heating-and-ac-technician-02\/wp-json\/wp\/v2\/pages\/14","dynamic-page":"no","astra-page-url":"\/\/websitedemos.net\/heating-and-ac-technician-02\/services\/","astra-sites-tag":{"425":"services"},"site-pages-type":"free","site-pages-page-builder":"elementor","site-pages-category":[],"site-pages-parent-category":{"60":"business","61":"free"},"required-plugins":[{"slug":"elementor","init":"elementor\/elementor.php","name":"Elementor"}]},"id-59065":{"title":"Contact","featured-image-url":"https:\/\/websitedemos.net\/wp-content\/uploads\/2022\/01\/heating-and-ac-technician-02-contact.jpg","thumbnail-image-url":"https:\/\/websitedemos.net\/wp-content\/uploads\/2022\/01\/heating-and-ac-technician-02-contact.jpg","astra-page-api-url":"https:\/\/websitedemos.net\/heating-and-ac-technician-02\/wp-json\/wp\/v2\/pages\/16","dynamic-page":"no","astra-page-url":"\/\/websitedemos.net\/heating-and-ac-technician-02\/contact\/","astra-sites-tag":{"415":"contact"},"site-pages-type":"free","site-pages-page-builder":"elementor","site-pages-category":[],"site-pages-parent-category":{"60":"business","61":"free"},"required-plugins":[{"slug":"elementor","init":"elementor\/elementor.php","name":"Elementor"},{"slug":"wpforms-lite","init":"wpforms-lite\/wpforms.php","name":"WPForms Lite"}]}},"related-bb-template":"","related-elementor-template":59063,"related-gutenberg-template":69646,"related_ecommerce_template":"","ecommerce_parent_template":""},"id-58084":{"title":"Plant Shop","id":58084,"publish-date":1632244281,"featured-image-url":"https:\/\/websitedemos.net\/wp-content\/uploads\/2021\/09\/plant-shop-02-home-page.jpg","thumbnail-image-url":"https:\/\/websitedemos.net\/wp-content\/uploads\/2021\/09\/plant-shop-02-home-page.jpg","fullpage-thumbnail-image-url":"https:\/\/websitedemos.net\/wp-content\/uploads\/2021\/09\/plant-shop-02-home-page.jpg","astra-site-url":"\/\/websitedemos.net\/plant-shop-02","astra-site-parent-id":2375,"astra-sites-tag":{"2418":"commerce","1017":"e-commerce","496":"ecommerce","3416":"elementor","2419":"eshopping","2422":"online-market","2420":"online-shopping","383":"online-store","497":"plant-store","495":"plants","2421":"purchases","2417":"reseller","733":"shop","2416":"shopping","749":"store","1024":"woocommerce"},"astra-sites-type":"free","astra-site-category":{"38":"ecommerce","39":"free"},"astra-sites-template-category":{"2777":"business","2769":"ecommerce","2830":"nature","2857":"online-shopping"},"astra-site-page-builder":"elementor","categories":{"3427":"default","2495":"ecommerce","3428":"free","2476":"gardening"},"required-plugins":[{"slug":"cartflows","init":"cartflows\/cartflows.php","name":"CartFlows"},{"slug":"checkout-plugins-stripe-woo","init":"checkout-plugins-stripe-woo\/checkout-plugins-stripe-woo.php","name":"Checkout Plugins - Stripe for WooCommerce"},{"slug":"elementor","init":"elementor\/elementor.php","name":"Elementor"},{"slug":"wpforms-lite","init":"wpforms-lite\/wpforms.php","name":"WPForms Lite"},{"slug":"woocommerce","init":"woocommerce\/woocommerce.php","name":"WooCommerce"},{"slug":"variation-swatches-woo","init":"variation-swatches-woo\/variation-swatches-woo.php","name":"Variation Swatches for WooCommerce"}],"post-status":"publish","post-content":"<!-- wp:paragraph -->\n<p>If you are running a nursery and want to take your business online, the Plant Shop template is a great starting point. The design is clean and minimalistic yet has all the correct elements to build a high-converting plant shop website.<\/p>\n<!-- \/wp:paragraph -->\n\n<!-- wp:paragraph -->\n<p>Plant Shop web template is fully compatible with WooCommerce and allows you to set up your store quickly. Add your latest plants, customer reviews, and more on the impressive-looking homepage.&nbsp;<\/p>\n<!-- \/wp:paragraph -->\n\n<!-- wp:heading -->\n<h2>Key features of the Plant Shop template<\/h2>\n<!-- \/wp:heading -->\n\n<!-- wp:list -->\n<ul><!-- wp:list-item -->\n<li>Simple, clean design that comes with all the correct elements<\/li>\n<!-- \/wp:list-item -->\n\n<!-- wp:list-item -->\n<li>Impressive hero image, best to promote your product line<\/li>\n<!-- \/wp:list-item -->\n\n<!-- wp:list-item -->\n<li>Deep integration with WooCommerce, allowing you to sell online quickly<\/li>\n<!-- \/wp:list-item -->\n\n<!-- wp:list-item -->\n<li>Simple yet highly effective product pages<\/li>\n<!-- \/wp:list-item -->\n\n<!-- wp:list-item -->\n<li>Page builder ready<\/li>\n<!-- \/wp:list-item --><\/ul>\n<!-- \/wp:list -->","post-excerpt":"Simple and minimalistic design perfect to create a high converting plant shop website","pages":[],"related-bb-template":"","related-elementor-template":"","related-gutenberg-template":"","related_ecommerce_template":"","ecommerce_parent_template":""},"id-47609":{"title":"Online Furniture Store","id":47609,"publish-date":1600961412,"featured-image-url":"https:\/\/websitedemos.net\/wp-content\/uploads\/2020\/09\/home-decor-04.jpg","thumbnail-image-url":"https:\/\/websitedemos.net\/wp-content\/uploads\/2020\/09\/home-decor-04.jpg","fullpage-thumbnail-image-url":"https:\/\/websitedemos.net\/wp-content\/uploads\/2020\/09\/home-decor-04.jpg","astra-site-url":"\/\/websitedemos.net\/home-decor-04","astra-site-parent-id":1655,"astra-sites-tag":{"2418":"commerce","1017":"e-commerce","496":"ecommerce","1817":"ecommerce-store","3416":"elementor","2419":"eshopping","524":"furniture","856":"furniture-store","2357":"online-furniture-store","2420":"online-shopping","383":"online-store","1844":"premium","2421":"purchases","2417":"reseller","733":"shop","2416":"shopping","749":"store","1024":"woocommerce","2356":"work-from-home"},"astra-sites-type":"agency-mini","astra-site-category":{"27":"business","38":"ecommerce"},"astra-sites-template-category":{"2777":"business","2769":"ecommerce","2879":"furniture","2793":"interior-design","2857":"online-shopping"},"astra-site-page-builder":"elementor","categories":{"3427":"default","2495":"ecommerce","3429":"premium"},"required-plugins":[{"slug":"elementor","init":"elementor\/elementor.php","name":"Elementor"},{"slug":"checkout-plugins-stripe-woo","init":"checkout-plugins-stripe-woo\/checkout-plugins-stripe-woo.php","name":"Checkout Plugins - Stripe for WooCommerce"},{"slug":"woocommerce","init":"woocommerce\/woocommerce.php","name":"WooCommerce"},{"slug":"wpforms-lite","init":"wpforms-lite\/wpforms.php","name":"WPForms Lite"},{"slug":"astra-addon","init":"astra-addon\/astra-addon.php","name":"Astra Pro"},{"slug":"variation-swatches-woo","init":"variation-swatches-woo\/variation-swatches-woo.php","name":"Variation Swatches for WooCommerce"}],"post-status":"publish","post-content":"<!-- wp:paragraph -->\n<p>The right furniture livens up your home. It sets the \u200b\u200bstage for comfortable and cozy living spaces. And what better way to set the tone online than having the perfect website template.&nbsp;<\/p>\n<!-- \/wp:paragraph -->\n\n<!-- wp:paragraph -->\n<p>The Online Furniture Store template is beautifully designed, helping you create an instant engagement with your customers. The template is designed to help you sell all kinds of furniture for living rooms, bedrooms, kitchens, and bathrooms.<\/p>\n<!-- \/wp:paragraph -->\n\n<!-- wp:heading {\"UAGDay\":[]} -->\n<h2 class=\"wp-block-heading\">Key features of the Online Furniture Store template<\/h2>\n<!-- \/wp:heading -->\n\n<!-- wp:list -->\n<ul><!-- wp:list-item -->\n<li>Beautifully designed website template<\/li>\n<!-- \/wp:list-item -->\n\n<!-- wp:list-item -->\n<li>Showcase your latest products and best sellers on the homepage<\/li>\n<!-- \/wp:list-item -->\n\n<!-- wp:list-item -->\n<li>Offers deals and offers on the homepage<\/li>\n<!-- \/wp:list-item -->\n\n<!-- wp:list-item -->\n<li>Build an email list by getting customers to sign up for your newsletter<\/li>\n<!-- \/wp:list-item -->\n\n<!-- wp:list-item -->\n<li>SEO-friendly and WooCommerce-ready template<\/li>\n<!-- \/wp:list-item --><\/ul>\n<!-- \/wp:list -->","post-excerpt":"Well designed eCommerce web template to sell all kinds of home decor","pages":{"id-47612":{"title":"Home","featured-image-url":"https:\/\/websitedemos.net\/wp-content\/uploads\/2020\/09\/home-decor-04.jpg","thumbnail-image-url":"https:\/\/websitedemos.net\/wp-content\/uploads\/2020\/09\/home-decor-04.jpg","astra-page-api-url":"https:\/\/websitedemos.net\/home-decor-04\/wp-json\/wp\/v2\/pages\/9","dynamic-page":"yes","astra-page-url":"\/\/websitedemos.net\/home-decor-04\/","astra-sites-tag":{"423":"home","814":"homepage"},"site-pages-type":"agency-mini","site-pages-page-builder":"elementor","site-pages-category":[],"site-pages-parent-category":{"60":"business","64":"ecommerce"},"required-plugins":[{"slug":"astra-addon","init":"astra-addon\/astra-addon.php","name":"Astra Pro"},{"slug":"checkout-plugins-stripe-woo","init":"checkout-plugins-stripe-woo\/checkout-plugins-stripe-woo.php","name":"Checkout Plugins - Stripe for WooCommerce"},{"slug":"elementor","init":"elementor\/elementor.php","name":"Elementor"},{"slug":"variation-swatches-woo","init":"variation-swatches-woo\/variation-swatches-woo.php","name":"Variation Swatches for WooCommerce"},{"slug":"woocommerce","init":"woocommerce\/woocommerce.php","name":"WooCommerce"},{"slug":"wpforms-lite","init":"wpforms-lite\/wpforms.php","name":"WPForms Lite"}]},"id-47610":{"title":"About Us","featured-image-url":"https:\/\/websitedemos.net\/wp-content\/uploads\/2020\/09\/home-decor-04-about-us.jpg","thumbnail-image-url":"https:\/\/websitedemos.net\/wp-content\/uploads\/2020\/09\/home-decor-04-about-us.jpg","astra-page-api-url":"https:\/\/websitedemos.net\/home-decor-04\/wp-json\/wp\/v2\/pages\/162","dynamic-page":"no","astra-page-url":"\/\/websitedemos.net\/home-decor-04\/about-us\/","astra-sites-tag":{"352":"about","455":"about-us"},"site-pages-type":"agency-mini","site-pages-page-builder":"elementor","site-pages-category":[],"site-pages-parent-category":{"60":"business","64":"ecommerce"},"required-plugins":[{"slug":"astra-addon","init":"astra-addon\/astra-addon.php","name":"Astra Pro"},{"slug":"elementor","init":"elementor\/elementor.php","name":"Elementor"},{"slug":"wpforms-lite","init":"wpforms-lite\/wpforms.php","name":"WPForms Lite"}]},"id-47613":{"title":"Rooms","featured-image-url":"https:\/\/websitedemos.net\/wp-content\/uploads\/2020\/09\/home-decor-04-rooms.jpg","thumbnail-image-url":"https:\/\/websitedemos.net\/wp-content\/uploads\/2020\/09\/home-decor-04-rooms.jpg","astra-page-api-url":"https:\/\/websitedemos.net\/home-decor-04\/wp-json\/wp\/v2\/pages\/133","dynamic-page":"yes","astra-page-url":"\/\/websitedemos.net\/home-decor-04\/rooms\/","astra-sites-tag":{"540":"products"},"site-pages-type":"agency-mini","site-pages-page-builder":"elementor","site-pages-category":[],"site-pages-parent-category":{"60":"business","64":"ecommerce"},"required-plugins":[{"slug":"astra-addon","init":"astra-addon\/astra-addon.php","name":"Astra Pro"},{"slug":"checkout-plugins-stripe-woo","init":"checkout-plugins-stripe-woo\/checkout-plugins-stripe-woo.php","name":"Checkout Plugins - Stripe for WooCommerce"},{"slug":"elementor","init":"elementor\/elementor.php","name":"Elementor"},{"slug":"variation-swatches-woo","init":"variation-swatches-woo\/variation-swatches-woo.php","name":"Variation Swatches for WooCommerce"},{"slug":"woocommerce","init":"woocommerce\/woocommerce.php","name":"WooCommerce"},{"slug":"wpforms-lite","init":"wpforms-lite\/wpforms.php","name":"WPForms Lite"}]},"id-47611":{"title":"Contact Us","featured-image-url":"https:\/\/websitedemos.net\/wp-content\/uploads\/2020\/09\/home-decor-04-contact-us.jpg","thumbnail-image-url":"https:\/\/websitedemos.net\/wp-content\/uploads\/2020\/09\/home-decor-04-contact-us.jpg","astra-page-api-url":"https:\/\/websitedemos.net\/home-decor-04\/wp-json\/wp\/v2\/pages\/196","dynamic-page":"no","astra-page-url":"\/\/websitedemos.net\/home-decor-04\/contact-us\/","astra-sites-tag":{"415":"contact","454":"contact-us","896":"get-connected","377":"get-in-touch"},"site-pages-type":"agency-mini","site-pages-page-builder":"elementor","site-pages-category":[],"site-pages-parent-category":{"60":"business","64":"ecommerce"},"required-plugins":[{"slug":"astra-addon","init":"astra-addon\/astra-addon.php","name":"Astra Pro"},{"slug":"elementor","init":"elementor\/elementor.php","name":"Elementor"},{"slug":"wpforms-lite","init":"wpforms-lite\/wpforms.php","name":"WPForms Lite"}]}},"related-bb-template":"","related-elementor-template":47609,"related-gutenberg-template":74334,"related_ecommerce_template":"","ecommerce_parent_template":""},"id-58970":{"title":"Cycle Shop","id":58970,"publish-date":1643645321,"featured-image-url":"https:\/\/websitedemos.net\/wp-content\/uploads\/2022\/01\/cycle-shop-02-home.jpg","thumbnail-image-url":"https:\/\/websitedemos.net\/wp-content\/uploads\/2022\/01\/cycle-shop-02-home.jpg","fullpage-thumbnail-image-url":"https:\/\/websitedemos.net\/wp-content\/uploads\/2022\/01\/cycle-shop-02-home.jpg","astra-site-url":"\/\/websitedemos.net\/cycle-shop-02","astra-site-parent-id":2547,"astra-sites-tag":{"880":"cartflows","2418":"commerce","2548":"cycle-shop","1017":"e-commerce","496":"ecommerce","3416":"elementor","2422":"online-market","732":"online-shop","2420":"online-shopping","383":"online-store","967":"product-store","2421":"purchases","2417":"reseller","733":"shop","2416":"shopping","2549":"sport-cycyle","749":"store","966":"woo-commerce","1024":"woocommerce"},"astra-sites-type":"free","astra-site-category":{"27":"business","39":"free"},"astra-sites-template-category":{"2769":"ecommerce","2857":"online-shopping"},"astra-site-page-builder":"elementor","categories":{"3427":"default","2495":"ecommerce","3428":"free"},"required-plugins":[{"slug":"elementor","init":"elementor\/elementor.php","name":"Elementor"},{"slug":"wpforms-lite","init":"wpforms-lite\/wpforms.php","name":"WPForms Lite"},{"slug":"variation-swatches-woo","init":"variation-swatches-woo\/variation-swatches-woo.php","name":"Variation Swatches for WooCommerce"},{"slug":"woocommerce","init":"woocommerce\/woocommerce.php","name":"WooCommerce"},{"slug":"checkout-paypal-woo","init":"checkout-paypal-woo\/checkout-paypal-woo.php","name":"Checkout Plugins - PayPal for WooCommerce"},{"slug":"checkout-plugins-stripe-woo","init":"checkout-plugins-stripe-woo\/checkout-plugins-stripe-woo.php","name":"Checkout Plugins - Stripe for WooCommerce"},{"slug":"woo-cart-abandonment-recovery","init":"woo-cart-abandonment-recovery\/woo-cart-abandonment-recovery.php","name":"WooCommerce Cart Abandonment Recovery"},{"slug":"cartflows","init":"cartflows\/cartflows.php","name":"CartFlows"}],"post-status":"publish","post-content":"<!-- wp:paragraph -->\n<p>The Cycle Shop template is an easy way to take advantage of the global rise in cycling. It\u2019s an attractive modern template with a full screen image on the homepage that opens out into a modern, well-balanced design.<\/p>\n<!-- \/wp:paragraph -->\n\n<!-- wp:paragraph -->\n<p>The template can integrate seamlessly with WooCommerce so you can sell products easily, and the template as a whole can be fully customized to fit your brand.<\/p>\n<!-- \/wp:paragraph -->\n\n<!-- wp:heading -->\n<h2>Key features of the Cycle Shop template<\/h2>\n<!-- \/wp:heading -->\n\n<!-- wp:list -->\n<ul><!-- wp:list-item -->\n<li>Modern cycling shop website template designed to engage<\/li>\n<!-- \/wp:list-item -->\n\n<!-- wp:list-item -->\n<li>Fully integrates with WooCommerce for an online store<\/li>\n<!-- \/wp:list-item -->\n\n<!-- wp:list-item -->\n<li>Attractive product areas and product pages<\/li>\n<!-- \/wp:list-item -->\n\n<!-- wp:list-item -->\n<li>Product highlight blocks already built into the design<\/li>\n<!-- \/wp:list-item -->\n\n<!-- wp:list-item -->\n<li>Option to add products, pages and sections quickly and easily<\/li>\n<!-- \/wp:list-item -->\n\n<!-- wp:list-item -->\n<li>Fully compatible with leading drag and drop page builders<\/li>\n<!-- \/wp:list-item --><\/ul>\n<!-- \/wp:list -->","post-excerpt":"Impactful eCommerce template designed for cycle shops or any type of online retailer","pages":{"id-58973":{"title":"Home","featured-image-url":"https:\/\/websitedemos.net\/wp-content\/uploads\/2022\/01\/cycle-shop-02-home.jpg","thumbnail-image-url":"https:\/\/websitedemos.net\/wp-content\/uploads\/2022\/01\/cycle-shop-02-home.jpg","astra-page-api-url":"https:\/\/websitedemos.net\/cycle-shop-02\/wp-json\/wp\/v2\/pages\/13","dynamic-page":"yes","astra-page-url":"\/\/websitedemos.net\/cycle-shop-02\/","astra-sites-tag":{"423":"home"},"site-pages-type":"free","site-pages-page-builder":"elementor","site-pages-category":[],"site-pages-parent-category":{"60":"business","61":"free"},"required-plugins":[{"slug":"cartflows","init":"cartflows\/cartflows.php","name":"CartFlows"},{"slug":"checkout-paypal-woo","init":"checkout-paypal-woo\/checkout-paypal-woo.php","name":"Checkout Plugins - PayPal for WooCommerce"},{"slug":"checkout-plugins-stripe-woo","init":"checkout-plugins-stripe-woo\/checkout-plugins-stripe-woo.php","name":"Checkout Plugins - Stripe for WooCommerce"},{"slug":"elementor","init":"elementor\/elementor.php","name":"Elementor"},{"slug":"variation-swatches-woo","init":"variation-swatches-woo\/variation-swatches-woo.php","name":"Variation Swatches for WooCommerce"},{"slug":"woocommerce","init":"woocommerce\/woocommerce.php","name":"WooCommerce"},{"slug":"woo-cart-abandonment-recovery","init":"woo-cart-abandonment-recovery\/woo-cart-abandonment-recovery.php","name":"WooCommerce Cart Abandonment Recovery"}]},"id-58971":{"title":"About Us","featured-image-url":"https:\/\/websitedemos.net\/wp-content\/uploads\/2022\/01\/cycle-shop-02-about-us.jpg","thumbnail-image-url":"https:\/\/websitedemos.net\/wp-content\/uploads\/2022\/01\/cycle-shop-02-about-us.jpg","astra-page-api-url":"https:\/\/websitedemos.net\/cycle-shop-02\/wp-json\/wp\/v2\/pages\/20","dynamic-page":"no","astra-page-url":"\/\/websitedemos.net\/cycle-shop-02\/about-us\/","astra-sites-tag":{"455":"about-us"},"site-pages-type":"free","site-pages-page-builder":"elementor","site-pages-category":[],"site-pages-parent-category":{"60":"business","61":"free"},"required-plugins":[{"slug":"elementor","init":"elementor\/elementor.php","name":"Elementor"}]},"id-58972":{"title":"Contact","featured-image-url":"https:\/\/websitedemos.net\/wp-content\/uploads\/2022\/01\/cycle-shop-02-contact.jpg","thumbnail-image-url":"https:\/\/websitedemos.net\/wp-content\/uploads\/2022\/01\/cycle-shop-02-contact.jpg","astra-page-api-url":"https:\/\/websitedemos.net\/cycle-shop-02\/wp-json\/wp\/v2\/pages\/24","dynamic-page":"no","astra-page-url":"\/\/websitedemos.net\/cycle-shop-02\/contact\/","astra-sites-tag":{"415":"contact"},"site-pages-type":"free","site-pages-page-builder":"elementor","site-pages-category":[],"site-pages-parent-category":{"60":"business","61":"free"},"required-plugins":[{"slug":"elementor","init":"elementor\/elementor.php","name":"Elementor"},{"slug":"wpforms-lite","init":"wpforms-lite\/wpforms.php","name":"WPForms Lite"}]}},"related-bb-template":"","related-elementor-template":58970,"related-gutenberg-template":75400,"related_ecommerce_template":"","ecommerce_parent_template":""},"id-59046":{"title":"Roofing Agency","id":59046,"publish-date":1643645546,"featured-image-url":"https:\/\/websitedemos.net\/wp-content\/uploads\/2022\/01\/roofing-agency-02-home02..jpg","thumbnail-image-url":"https:\/\/websitedemos.net\/wp-content\/uploads\/2022\/01\/roofing-agency-02-home02..jpg","fullpage-thumbnail-image-url":"https:\/\/websitedemos.net\/wp-content\/uploads\/2022\/01\/roofing-agency-02-home02..jpg","astra-site-url":"\/\/websitedemos.net\/roofing-agency-02","astra-site-parent-id":2569,"astra-sites-tag":{"1630":"commercial-roofing","3416":"elementor","1629":"residential-roofing","1634":"roof-installation","1633":"roof-repair","1631":"roof-replacement","2570":"roofing-agency","1632":"roofing-services"},"astra-sites-type":"free","astra-site-category":{"27":"business","39":"free"},"astra-sites-template-category":{"2818":"roofing","2831":"service"},"astra-site-page-builder":"elementor","categories":{"3427":"default","3428":"free","2484":"real-estate"},"required-plugins":[{"slug":"elementor","init":"elementor\/elementor.php","name":"Elementor"},{"slug":"wpforms-lite","init":"wpforms-lite\/wpforms.php","name":"WPForms Lite"}],"post-status":"publish","post-content":"<!-- wp:paragraph -->\n<p>The Roofing Agency template has a clean, crisp look that provides a professional persona from the start. Combined with attractive imagery and careful use of colors and white space, it delivers exactly the impression you would want.<\/p>\n<!-- \/wp:paragraph -->\n\n<!-- wp:paragraph -->\n<p>The template homepage uses a flat design with a mix of colors, images and white space that delivers impact without overloading the senses. Additional pages reflect these qualities, for a fully coherent design.<\/p>\n<!-- \/wp:paragraph -->\n\n<!-- wp:heading {\"UAGDay\":[]} -->\n<h2 class=\"wp-block-heading\">Key features of the Roofing Agency template<\/h2>\n<!-- \/wp:heading -->\n\n<!-- wp:list -->\n<ul><!-- wp:list-item -->\n<li>Clean, crisp design ideal for trades or construction companies<\/li>\n<!-- \/wp:list-item -->\n\n<!-- wp:list-item -->\n<li>Excellent mix of features throughout<\/li>\n<!-- \/wp:list-item -->\n\n<!-- wp:list-item -->\n<li>Great balance of color, images and whitespace<\/li>\n<!-- \/wp:list-item -->\n\n<!-- wp:list-item -->\n<li>Bold color to highlight buttons and calls to action<\/li>\n<!-- \/wp:list-item -->\n\n<!-- wp:list-item -->\n<li>Contract form front and center to encourage conversion<\/li>\n<!-- \/wp:list-item -->\n\n<!-- wp:list-item -->\n<li>Fully compatible with leading drag and drop page builders<\/li>\n<!-- \/wp:list-item --><\/ul>\n<!-- \/wp:list -->","post-excerpt":"Clean, crisp agency website design that addresses user intent from the very beginning","pages":{"id-59049":{"title":"Home","featured-image-url":"https:\/\/websitedemos.net\/wp-content\/uploads\/2022\/01\/roofing-agency-02-home02..jpg","thumbnail-image-url":"https:\/\/websitedemos.net\/wp-content\/uploads\/2022\/01\/roofing-agency-02-home02..jpg","astra-page-api-url":"https:\/\/websitedemos.net\/roofing-agency-02\/wp-json\/wp\/v2\/pages\/6","dynamic-page":"no","astra-page-url":"\/\/websitedemos.net\/roofing-agency-02\/","astra-sites-tag":{"423":"home"},"site-pages-type":"free","site-pages-page-builder":"elementor","site-pages-category":[],"site-pages-parent-category":{"60":"business","61":"free"},"required-plugins":[{"slug":"elementor","init":"elementor\/elementor.php","name":"Elementor"},{"slug":"wpforms-lite","init":"wpforms-lite\/wpforms.php","name":"WPForms Lite"}]},"id-59047":{"title":"About","featured-image-url":"https:\/\/websitedemos.net\/wp-content\/uploads\/2022\/01\/roofing-agency-02-about.jpg","thumbnail-image-url":"https:\/\/websitedemos.net\/wp-content\/uploads\/2022\/01\/roofing-agency-02-about.jpg","astra-page-api-url":"https:\/\/websitedemos.net\/roofing-agency-02\/wp-json\/wp\/v2\/pages\/9","dynamic-page":"no","astra-page-url":"\/\/websitedemos.net\/roofing-agency-02\/about\/","astra-sites-tag":{"352":"about"},"site-pages-type":"free","site-pages-page-builder":"elementor","site-pages-category":[],"site-pages-parent-category":{"60":"business","61":"free"},"required-plugins":[{"slug":"elementor","init":"elementor\/elementor.php","name":"Elementor"}]},"id-59051":{"title":"Services","featured-image-url":"https:\/\/websitedemos.net\/wp-content\/uploads\/2022\/01\/roofing-agency-02-services.jpg","thumbnail-image-url":"https:\/\/websitedemos.net\/wp-content\/uploads\/2022\/01\/roofing-agency-02-services.jpg","astra-page-api-url":"https:\/\/websitedemos.net\/roofing-agency-02\/wp-json\/wp\/v2\/pages\/11","dynamic-page":"no","astra-page-url":"\/\/websitedemos.net\/roofing-agency-02\/services\/","astra-sites-tag":{"425":"services"},"site-pages-type":"free","site-pages-page-builder":"elementor","site-pages-category":[],"site-pages-parent-category":{"60":"business","61":"free"},"required-plugins":[{"slug":"elementor","init":"elementor\/elementor.php","name":"Elementor"}]},"id-59050":{"title":"Projects","featured-image-url":"https:\/\/websitedemos.net\/wp-content\/uploads\/2022\/01\/roofing-agency-02-projects.jpg","thumbnail-image-url":"https:\/\/websitedemos.net\/wp-content\/uploads\/2022\/01\/roofing-agency-02-projects.jpg","astra-page-api-url":"https:\/\/websitedemos.net\/roofing-agency-02\/wp-json\/wp\/v2\/pages\/15","dynamic-page":"no","astra-page-url":"\/\/websitedemos.net\/roofing-agency-02\/projects\/","astra-sites-tag":{"1613":"projects"},"site-pages-type":"free","site-pages-page-builder":"elementor","site-pages-category":[],"site-pages-parent-category":{"60":"business","61":"free"},"required-plugins":[{"slug":"elementor","init":"elementor\/elementor.php","name":"Elementor"}]},"id-59048":{"title":"Contact Us","featured-image-url":"https:\/\/websitedemos.net\/wp-content\/uploads\/2022\/01\/roofing-agency-02-contact-us.jpg","thumbnail-image-url":"https:\/\/websitedemos.net\/wp-content\/uploads\/2022\/01\/roofing-agency-02-contact-us.jpg","astra-page-api-url":"https:\/\/websitedemos.net\/roofing-agency-02\/wp-json\/wp\/v2\/pages\/17","dynamic-page":"no","astra-page-url":"\/\/websitedemos.net\/roofing-agency-02\/contact-us\/","astra-sites-tag":{"415":"contact"},"site-pages-type":"free","site-pages-page-builder":"elementor","site-pages-category":[],"site-pages-parent-category":{"60":"business","61":"free"},"required-plugins":[{"slug":"elementor","init":"elementor\/elementor.php","name":"Elementor"},{"slug":"wpforms-lite","init":"wpforms-lite\/wpforms.php","name":"WPForms Lite"}]}},"related-bb-template":"","related-elementor-template":59046,"related-gutenberg-template":71038,"related_ecommerce_template":"","ecommerce_parent_template":""},"id-59018":{"title":"Coffee House","id":59018,"publish-date":1643645176,"featured-image-url":"https:\/\/websitedemos.net\/wp-content\/uploads\/2022\/01\/coffee-house-02-home-1.jpg","thumbnail-image-url":"https:\/\/websitedemos.net\/wp-content\/uploads\/2022\/01\/coffee-house-02-home-1.jpg","fullpage-thumbnail-image-url":"https:\/\/websitedemos.net\/wp-content\/uploads\/2022\/01\/coffee-house-02-home-1.jpg","astra-site-url":"\/\/websitedemos.net\/coffee-house-02","astra-site-parent-id":2563,"astra-sites-tag":{"693":"cafe","2042":"cafe-bar","1527":"cafeteria","2043":"coffee-house","1575":"coffee-shop","3416":"elementor","2421":"purchases","2417":"reseller","335":"restaurant","2041":"snack-bar"},"astra-sites-type":"free","astra-site-category":{"27":"business","39":"free"},"astra-sites-template-category":{"2776":"restaurant"},"astra-site-page-builder":"elementor","categories":{"3427":"default","3428":"free","2496":"restaurant-food"},"required-plugins":[{"slug":"elementor","init":"elementor\/elementor.php","name":"Elementor"},{"slug":"wpforms-lite","init":"wpforms-lite\/wpforms.php","name":"WPForms Lite"}],"post-status":"publish","post-content":"<!-- wp:paragraph -->\n<p>The Coffee House template uses a warm, heritage look that can work so well for baristas and coffee shops. It creates a warm, welcoming vibe that invites you to explore, which is exactly what we want from a coffee house website.<\/p>\n<!-- \/wp:paragraph -->\n\n<!-- wp:paragraph -->\n<p>The homepage has rich images, warm colors and plenty of whitespace for balance. There\u2019s a menu section and an option to sell coffee by integrating WooCommerce. It\u2019s a very flexible template!<\/p>\n<!-- \/wp:paragraph -->\n\n<!-- wp:heading {\"UAGDay\":[]} -->\n<h2 class=\"wp-block-heading\">Key features of the Coffee House template<\/h2>\n<!-- \/wp:heading -->\n\n<!-- wp:list -->\n<ul><!-- wp:list-item -->\n<li>Precisely the feel you expect from a coffee house<\/li>\n<!-- \/wp:list-item -->\n\n<!-- wp:list-item -->\n<li>Warm, welcoming colors and fonts<\/li>\n<!-- \/wp:list-item -->\n\n<!-- wp:list-item -->\n<li>Attractive menu section and page<\/li>\n<!-- \/wp:list-item -->\n\n<!-- wp:list-item -->\n<li>Can integrate with WooCommerce to sell products<\/li>\n<!-- \/wp:list-item -->\n\n<!-- wp:list-item -->\n<li>Instagram section built into the homepage<\/li>\n<!-- \/wp:list-item -->\n\n<!-- wp:list-item -->\n<li>Compatible with leading drag and drop page builders<\/li>\n<!-- \/wp:list-item --><\/ul>\n<!-- \/wp:list -->","post-excerpt":"Give a warm welcome to visitors with this engaging template for cafes and coffee shops","pages":{"id-59021":{"title":"Home","featured-image-url":"https:\/\/websitedemos.net\/wp-content\/uploads\/2022\/01\/coffee-house-02-home-1.jpg","thumbnail-image-url":"https:\/\/websitedemos.net\/wp-content\/uploads\/2022\/01\/coffee-house-02-home-1.jpg","astra-page-api-url":"https:\/\/websitedemos.net\/coffee-house-02\/wp-json\/wp\/v2\/pages\/6","dynamic-page":"no","astra-page-url":"\/\/websitedemos.net\/coffee-house-02\/","astra-sites-tag":{"423":"home"},"site-pages-type":"free","site-pages-page-builder":"elementor","site-pages-category":[],"site-pages-parent-category":{"60":"business","61":"free"},"required-plugins":[{"slug":"elementor","init":"elementor\/elementor.php","name":"Elementor"}]},"id-59019":{"title":"About","featured-image-url":"https:\/\/websitedemos.net\/wp-content\/uploads\/2022\/01\/coffee-house-02-about-1.jpg","thumbnail-image-url":"https:\/\/websitedemos.net\/wp-content\/uploads\/2022\/01\/coffee-house-02-about-1.jpg","astra-page-api-url":"https:\/\/websitedemos.net\/coffee-house-02\/wp-json\/wp\/v2\/pages\/9","dynamic-page":"no","astra-page-url":"\/\/websitedemos.net\/coffee-house-02\/about\/","astra-sites-tag":{"352":"about"},"site-pages-type":"free","site-pages-page-builder":"elementor","site-pages-category":[],"site-pages-parent-category":{"60":"business","61":"free"},"required-plugins":[{"slug":"elementor","init":"elementor\/elementor.php","name":"Elementor"}]},"id-59022":{"title":"Menu","featured-image-url":"https:\/\/websitedemos.net\/wp-content\/uploads\/2022\/01\/coffee-house-02-menu-1.jpg","thumbnail-image-url":"https:\/\/websitedemos.net\/wp-content\/uploads\/2022\/01\/coffee-house-02-menu-1.jpg","astra-page-api-url":"https:\/\/websitedemos.net\/coffee-house-02\/wp-json\/wp\/v2\/pages\/11","dynamic-page":"no","astra-page-url":"\/\/websitedemos.net\/coffee-house-02\/menu\/","astra-sites-tag":{"565":"menu"},"site-pages-type":"free","site-pages-page-builder":"elementor","site-pages-category":[],"site-pages-parent-category":{"60":"business","61":"free"},"required-plugins":[{"slug":"elementor","init":"elementor\/elementor.php","name":"Elementor"}]},"id-59020":{"title":"Contact","featured-image-url":"https:\/\/websitedemos.net\/wp-content\/uploads\/2022\/01\/coffee-house-02-contact-1.jpg","thumbnail-image-url":"https:\/\/websitedemos.net\/wp-content\/uploads\/2022\/01\/coffee-house-02-contact-1.jpg","astra-page-api-url":"https:\/\/websitedemos.net\/coffee-house-02\/wp-json\/wp\/v2\/pages\/13","dynamic-page":"no","astra-page-url":"\/\/websitedemos.net\/coffee-house-02\/contact\/","astra-sites-tag":{"415":"contact"},"site-pages-type":"free","site-pages-page-builder":"elementor","site-pages-category":[],"site-pages-parent-category":{"60":"business","61":"free"},"required-plugins":[{"slug":"elementor","init":"elementor\/elementor.php","name":"Elementor"},{"slug":"wpforms-lite","init":"wpforms-lite\/wpforms.php","name":"WPForms Lite"}]}},"related-bb-template":"","related-elementor-template":59018,"related-gutenberg-template":59233,"related_ecommerce_template":"","ecommerce_parent_template":""},"id-58953":{"title":"Construction","id":58953,"publish-date":1643644056,"featured-image-url":"https:\/\/websitedemos.net\/wp-content\/uploads\/2022\/01\/construction-04.jpg","thumbnail-image-url":"https:\/\/websitedemos.net\/wp-content\/uploads\/2022\/01\/construction-04-600x2626.jpg","fullpage-thumbnail-image-url":"https:\/\/websitedemos.net\/wp-content\/uploads\/2022\/01\/construction-04-400x1751.jpg","astra-site-url":"\/\/websitedemos.net\/building-construction-04","astra-site-parent-id":2542,"astra-sites-tag":{"435":"architecture","2543":"building","2545":"building-foundation","979":"company","484":"construction","2546":"construction-services","3416":"elementor","2544":"fabricating","436":"interior","812":"office","1844":"premium","485":"real-estate","687":"realty"},"astra-sites-type":"agency-mini","astra-site-category":{"27":"business"},"astra-sites-template-category":{"2836":"construction","2793":"interior-design","2778":"real-estate"},"astra-site-page-builder":"elementor","categories":{"3427":"default","3429":"premium","2484":"real-estate"},"required-plugins":[{"slug":"elementor","init":"elementor\/elementor.php","name":"Elementor"},{"slug":"header-footer-elementor","init":"header-footer-elementor\/header-footer-elementor.php","name":"Elementor Header & Footer Builder"},{"slug":"wpforms-lite","init":"wpforms-lite\/wpforms.php","name":"WPForms Lite"}],"post-status":"publish","post-content":"<!-- wp:paragraph -->\n<p>The Construction website template makes an instant impact with bold contrast colors and a deep blue image. This design is reflected throughout all pages but can easily be changed to suit your brand.<\/p>\n<!-- \/wp:paragraph -->\n\n<!-- wp:paragraph -->\n<p>The template has a bold homepage with lots of content areas and a professional feel demanded by the niche. There are also extra pages you can use to outline products or services, add a portfolio or anything you choose.<\/p>\n<!-- \/wp:paragraph -->\n\n<!-- wp:heading {\"UAGDay\":[]} -->\n<h2 class=\"wp-block-heading\">Key features of the Construction template<\/h2>\n<!-- \/wp:heading -->\n\n<!-- wp:list -->\n<ul><!-- wp:list-item -->\n<li>Bold design that makes an instant impact<\/li>\n<!-- \/wp:list-item -->\n\n<!-- wp:list-item -->\n<li>Good use of contrast colors and fonts to create a professional look<\/li>\n<!-- \/wp:list-item -->\n\n<!-- wp:list-item -->\n<li>Lots of content blocks that can be customized at will<\/li>\n<!-- \/wp:list-item -->\n\n<!-- wp:list-item -->\n<li>Add, remove or change pages as required<\/li>\n<!-- \/wp:list-item -->\n\n<!-- wp:list-item -->\n<li>Areas for testimonials, certifications and other social proof<\/li>\n<!-- \/wp:list-item -->\n\n<!-- wp:list-item -->\n<li>Compatible with popular drag and drop page builders<\/li>\n<!-- \/wp:list-item --><\/ul>\n<!-- \/wp:list -->","post-excerpt":"Composed design that makes an impact for all the right reasons, ideal for construction","pages":{"id-58956":{"title":"Home","featured-image-url":"https:\/\/websitedemos.net\/wp-content\/uploads\/2022\/01\/construction-04.jpg","thumbnail-image-url":"https:\/\/websitedemos.net\/wp-content\/uploads\/2022\/01\/construction-04-600x2626.jpg","astra-page-api-url":"https:\/\/websitedemos.net\/building-construction-04\/wp-json\/wp\/v2\/pages\/6","dynamic-page":"no","astra-page-url":"\/\/websitedemos.net\/building-construction-04\/","astra-sites-tag":{"423":"home"},"site-pages-type":"agency-mini","site-pages-page-builder":"elementor","site-pages-category":[],"site-pages-parent-category":{"60":"business"},"required-plugins":[{"slug":"elementor","init":"elementor\/elementor.php","name":"Elementor"},{"slug":"header-footer-elementor","init":"header-footer-elementor\/header-footer-elementor.php","name":"Elementor Header & Footer Builder"}]},"id-58958":{"title":"Services","featured-image-url":"https:\/\/websitedemos.net\/wp-content\/uploads\/2022\/01\/building-construction-04-services.jpg","thumbnail-image-url":"https:\/\/websitedemos.net\/wp-content\/uploads\/2022\/01\/building-construction-04-services.jpg","astra-page-api-url":"https:\/\/websitedemos.net\/building-construction-04\/wp-json\/wp\/v2\/pages\/10","dynamic-page":"no","astra-page-url":"\/\/websitedemos.net\/building-construction-04\/services\/","astra-sites-tag":{"425":"services"},"site-pages-type":"agency-mini","site-pages-page-builder":"elementor","site-pages-category":[],"site-pages-parent-category":{"60":"business"},"required-plugins":[{"slug":"elementor","init":"elementor\/elementor.php","name":"Elementor"},{"slug":"header-footer-elementor","init":"header-footer-elementor\/header-footer-elementor.php","name":"Elementor Header & Footer Builder"}]},"id-58954":{"title":"About","featured-image-url":"https:\/\/websitedemos.net\/wp-content\/uploads\/2022\/01\/building-construction-04-about.jpg","thumbnail-image-url":"https:\/\/websitedemos.net\/wp-content\/uploads\/2022\/01\/building-construction-04-about.jpg","astra-page-api-url":"https:\/\/websitedemos.net\/building-construction-04\/wp-json\/wp\/v2\/pages\/8","dynamic-page":"no","astra-page-url":"\/\/websitedemos.net\/building-construction-04\/about\/","astra-sites-tag":{"352":"about"},"site-pages-type":"agency-mini","site-pages-page-builder":"elementor","site-pages-category":[],"site-pages-parent-category":{"60":"business"},"required-plugins":[{"slug":"elementor","init":"elementor\/elementor.php","name":"Elementor"},{"slug":"header-footer-elementor","init":"header-footer-elementor\/header-footer-elementor.php","name":"Elementor Header & Footer Builder"}]},"id-58957":{"title":"Projects","featured-image-url":"https:\/\/websitedemos.net\/wp-content\/uploads\/2022\/01\/building-construction-04-projects.jpg","thumbnail-image-url":"https:\/\/websitedemos.net\/wp-content\/uploads\/2022\/01\/building-construction-04-projects.jpg","astra-page-api-url":"https:\/\/websitedemos.net\/building-construction-04\/wp-json\/wp\/v2\/pages\/16","dynamic-page":"no","astra-page-url":"\/\/websitedemos.net\/building-construction-04\/projects\/","astra-sites-tag":{"424":"project"},"site-pages-type":"agency-mini","site-pages-page-builder":"elementor","site-pages-category":[],"site-pages-parent-category":{"60":"business"},"required-plugins":[{"slug":"elementor","init":"elementor\/elementor.php","name":"Elementor"},{"slug":"header-footer-elementor","init":"header-footer-elementor\/header-footer-elementor.php","name":"Elementor Header & Footer Builder"}]},"id-58955":{"title":"Contact","featured-image-url":"https:\/\/websitedemos.net\/wp-content\/uploads\/2022\/01\/building-construction-04-contact.jpg","thumbnail-image-url":"https:\/\/websitedemos.net\/wp-content\/uploads\/2022\/01\/building-construction-04-contact.jpg","astra-page-api-url":"https:\/\/websitedemos.net\/building-construction-04\/wp-json\/wp\/v2\/pages\/12","dynamic-page":"no","astra-page-url":"\/\/websitedemos.net\/building-construction-04\/contact\/","astra-sites-tag":{"415":"contact"},"site-pages-type":"agency-mini","site-pages-page-builder":"elementor","site-pages-category":[],"site-pages-parent-category":{"60":"business"},"required-plugins":[{"slug":"elementor","init":"elementor\/elementor.php","name":"Elementor"},{"slug":"header-footer-elementor","init":"header-footer-elementor\/header-footer-elementor.php","name":"Elementor Header & Footer Builder"},{"slug":"wpforms-lite","init":"wpforms-lite\/wpforms.php","name":"WPForms Lite"}]}},"related-bb-template":"","related-elementor-template":21922,"related-gutenberg-template":92755,"related_ecommerce_template":"","ecommerce_parent_template":""},"id-59004":{"title":"eCourse","id":59004,"publish-date":1643645158,"featured-image-url":"https:\/\/websitedemos.net\/wp-content\/uploads\/2022\/01\/teach-ecourse-04-home.jpg","thumbnail-image-url":"https:\/\/websitedemos.net\/wp-content\/uploads\/2022\/01\/teach-ecourse-04-home.jpg","fullpage-thumbnail-image-url":"https:\/\/websitedemos.net\/wp-content\/uploads\/2022\/01\/teach-ecourse-04-home.jpg","astra-site-url":"\/\/websitedemos.net\/teach-ecourse-04","astra-site-parent-id":2561,"astra-sites-tag":{"2562":"code-course","462":"courses","469":"ecourse","468":"elearning","3416":"elementor","719":"online-coaching","466":"online-courses","975":"online-learning","1844":"premium","721":"training","720":"tutorials"},"astra-sites-type":"agency-mini","astra-site-category":{"27":"business","36":"other"},"astra-sites-template-category":{"2825":"coaching","2835":"elearning","2880":"membership","2827":"online-course"},"astra-site-page-builder":"elementor","categories":{"3427":"default","2494":"elearning","3429":"premium"},"required-plugins":[{"slug":"elementor","init":"elementor\/elementor.php","name":"Elementor"},{"slug":"wpforms-lite","init":"wpforms-lite\/wpforms.php","name":"WPForms Lite"}],"post-status":"publish","post-content":"<!-- wp:paragraph -->\n<p>The eCourse template offers an alternative to the predictable with a bright, welcoming vibe. While mocked up for coders, you can easily see how it could be customized to suit any type of eLearning website.<\/p>\n<!-- \/wp:paragraph -->\n\n<!-- wp:paragraph -->\n<p>The design is light, open and modern. The homepage includes simple graphics and imagery that makes an impact, along with customizable content blocks you can tweak however you like.<\/p>\n<!-- \/wp:paragraph -->\n\n<!-- wp:heading -->\n<h2>Key features of the eCourse template<\/h2>\n<!-- \/wp:heading -->\n\n<!-- wp:list -->\n<ul><li>Attractive design that stands out from the norm<\/li><li>Customizable pages and content blocks<\/li><li>Ideal for eLearning and compatible with most LMS<\/li><li>Can feature audio and video within lessons or as promotion<\/li><li>Great layout with a welcoming feel<\/li><li>Compatible with popular drag and drop page builders<\/li><\/ul>\n<!-- \/wp:list -->","post-excerpt":"Modern, accessible template ideal for websites that offer online learning or utilize LMS","pages":{"id-59007":{"title":"Home","featured-image-url":"https:\/\/websitedemos.net\/wp-content\/uploads\/2022\/01\/teach-ecourse-04-home.jpg","thumbnail-image-url":"https:\/\/websitedemos.net\/wp-content\/uploads\/2022\/01\/teach-ecourse-04-home.jpg","astra-page-api-url":"https:\/\/websitedemos.net\/teach-ecourse-04\/wp-json\/wp\/v2\/pages\/16","dynamic-page":"no","astra-page-url":"\/\/websitedemos.net\/teach-ecourse-04\/","astra-sites-tag":{"423":"home"},"site-pages-type":"agency-mini","site-pages-page-builder":"elementor","site-pages-category":[],"site-pages-parent-category":{"60":"business","139":"other"},"required-plugins":[{"slug":"elementor","init":"elementor\/elementor.php","name":"Elementor"}]},"id-59005":{"title":"About","featured-image-url":"https:\/\/websitedemos.net\/wp-content\/uploads\/2022\/01\/teach-ecourse-04-about.jpg","thumbnail-image-url":"https:\/\/websitedemos.net\/wp-content\/uploads\/2022\/01\/teach-ecourse-04-about.jpg","astra-page-api-url":"https:\/\/websitedemos.net\/teach-ecourse-04\/wp-json\/wp\/v2\/pages\/617","dynamic-page":"no","astra-page-url":"\/\/websitedemos.net\/teach-ecourse-04\/about\/","astra-sites-tag":{"352":"about"},"site-pages-type":"agency-mini","site-pages-page-builder":"elementor","site-pages-category":[],"site-pages-parent-category":{"60":"business","139":"other"},"required-plugins":[{"slug":"elementor","init":"elementor\/elementor.php","name":"Elementor"}]},"id-59008":{"title":"Lessons","featured-image-url":"https:\/\/websitedemos.net\/wp-content\/uploads\/2022\/01\/teach-ecourse-04-lessons.jpg","thumbnail-image-url":"https:\/\/websitedemos.net\/wp-content\/uploads\/2022\/01\/teach-ecourse-04-lessons.jpg","astra-page-api-url":"https:\/\/websitedemos.net\/teach-ecourse-04\/wp-json\/wp\/v2\/pages\/769","dynamic-page":"no","astra-page-url":"\/\/websitedemos.net\/teach-ecourse-04\/lessons\/","astra-sites-tag":{"747":"lessons"},"site-pages-type":"agency-mini","site-pages-page-builder":"elementor","site-pages-category":[],"site-pages-parent-category":{"60":"business","139":"other"},"required-plugins":[{"slug":"elementor","init":"elementor\/elementor.php","name":"Elementor"}]},"id-59006":{"title":"Contact","featured-image-url":"https:\/\/websitedemos.net\/wp-content\/uploads\/2022\/01\/teach-ecourse-04-contact.jpg","thumbnail-image-url":"https:\/\/websitedemos.net\/wp-content\/uploads\/2022\/01\/teach-ecourse-04-contact.jpg","astra-page-api-url":"https:\/\/websitedemos.net\/teach-ecourse-04\/wp-json\/wp\/v2\/pages\/568","dynamic-page":"no","astra-page-url":"\/\/websitedemos.net\/teach-ecourse-04\/contact\/","astra-sites-tag":{"415":"contact"},"site-pages-type":"agency-mini","site-pages-page-builder":"elementor","site-pages-category":[],"site-pages-parent-category":{"60":"business","139":"other"},"required-plugins":[{"slug":"elementor","init":"elementor\/elementor.php","name":"Elementor"},{"slug":"wpforms-lite","init":"wpforms-lite\/wpforms.php","name":"WPForms Lite"}]}},"related-bb-template":"","related-elementor-template":31699,"related-gutenberg-template":86476,"related_ecommerce_template":"","ecommerce_parent_template":""},"id-51341":{"title":"Life Coach","id":51341,"publish-date":1616781676,"featured-image-url":"https:\/\/websitedemos.net\/wp-content\/uploads\/2021\/03\/certified-life-coach-04.jpg","thumbnail-image-url":"https:\/\/websitedemos.net\/wp-content\/uploads\/2021\/03\/certified-life-coach-04.jpg","fullpage-thumbnail-image-url":"https:\/\/websitedemos.net\/wp-content\/uploads\/2021\/03\/certified-life-coach-04.jpg","astra-site-url":"\/\/websitedemos.net\/certified-life-coach-04","astra-site-parent-id":1865,"astra-sites-tag":{"854":"coach","610":"coaching","1123":"councelling","3416":"elementor","612":"life-coach","1866":"life-guide","1844":"premium"},"astra-sites-type":"agency-mini","astra-site-category":{"27":"business"},"astra-sites-template-category":{"2825":"coaching","2794":"consulting","2874":"life-coach","2770":"personal"},"astra-site-page-builder":"elementor","categories":{"3427":"default","2483":"expert-services","3429":"premium"},"required-plugins":[{"slug":"elementor","init":"elementor\/elementor.php","name":"Elementor"},{"slug":"header-footer-elementor","init":"header-footer-elementor\/header-footer-elementor.php","name":"Elementor Header & Footer Builder"},{"slug":"wpforms-lite","init":"wpforms-lite\/wpforms.php","name":"WPForms Lite"}],"post-status":"publish","post-content":"<!-- wp:paragraph -->\n<p>As a certified life coach, you\u2019d probably have several one-on-one consultations with your clients. You probably even offer live online sessions and several packages to achieve personal and career goals, live a happier life, manage time, and keep oneself organized, among other things.<\/p>\n<!-- \/wp:paragraph -->\n\n<!-- wp:paragraph -->\n<p>Our Life Coach website template has you covered. The professionally designed template has everything you need to launch your coaching business today. It\u2019s light, welcoming and includes a range of customizable sections for your professional services.<\/p>\n<!-- \/wp:paragraph -->\n\n<!-- wp:heading -->\n<h2>Key features of the Life Coach template<\/h2>\n<!-- \/wp:heading -->\n\n<!-- wp:list -->\n<ul><li>Professionally designed template, perfect for life coaches and trainers<\/li><li>Significant hero image to promote the coach<\/li><li>Include the various services and packages being offered on the homepage<\/li><li>Dedicated section to showcase client testimonials to build trust<\/li><li>Full compatibility with leading page builders<\/li><\/ul>\n<!-- \/wp:list -->","post-excerpt":"A professionally designed website template for all certified trainers and life coaches","pages":{"id-51344":{"title":"Home","featured-image-url":"https:\/\/websitedemos.net\/wp-content\/uploads\/2021\/03\/certified-life-coach-04.jpg","thumbnail-image-url":"https:\/\/websitedemos.net\/wp-content\/uploads\/2021\/03\/certified-life-coach-04.jpg","astra-page-api-url":"https:\/\/websitedemos.net\/certified-life-coach-04\/wp-json\/wp\/v2\/pages\/44","dynamic-page":"no","astra-page-url":"\/\/websitedemos.net\/certified-life-coach-04\/","astra-sites-tag":{"423":"home"},"site-pages-type":"agency-mini","site-pages-page-builder":"elementor","site-pages-category":[],"site-pages-parent-category":{"60":"business"},"required-plugins":[{"slug":"elementor","init":"elementor\/elementor.php","name":"Elementor"},{"slug":"header-footer-elementor","init":"header-footer-elementor\/header-footer-elementor.php","name":"Elementor Header & Footer Builder"},{"slug":"wpforms-lite","init":"wpforms-lite\/wpforms.php","name":"WPForms Lite"}]},"id-51342":{"title":"About","featured-image-url":"https:\/\/websitedemos.net\/wp-content\/uploads\/2021\/03\/certified-life-coach-04-about.jpg","thumbnail-image-url":"https:\/\/websitedemos.net\/wp-content\/uploads\/2021\/03\/certified-life-coach-04-about.jpg","astra-page-api-url":"https:\/\/websitedemos.net\/certified-life-coach-04\/wp-json\/wp\/v2\/pages\/447","dynamic-page":"no","astra-page-url":"\/\/websitedemos.net\/certified-life-coach-04\/about\/","astra-sites-tag":{"352":"about"},"site-pages-type":"agency-mini","site-pages-page-builder":"elementor","site-pages-category":[],"site-pages-parent-category":{"60":"business"},"required-plugins":[{"slug":"elementor","init":"elementor\/elementor.php","name":"Elementor"},{"slug":"header-footer-elementor","init":"header-footer-elementor\/header-footer-elementor.php","name":"Elementor Header & Footer Builder"}]},"id-51345":{"title":"Live Online Sessions","featured-image-url":"https:\/\/websitedemos.net\/wp-content\/uploads\/2021\/03\/certified-life-coach-04-live-online-sessions.jpg","thumbnail-image-url":"https:\/\/websitedemos.net\/wp-content\/uploads\/2021\/03\/certified-life-coach-04-live-online-sessions.jpg","astra-page-api-url":"https:\/\/websitedemos.net\/certified-life-coach-04\/wp-json\/wp\/v2\/pages\/726","dynamic-page":"no","astra-page-url":"\/\/websitedemos.net\/certified-life-coach-04\/live-online-sessions\/","astra-sites-tag":{"1871":"live-sessions","719":"online-coaching","975":"online-learning","1872":"sessions"},"site-pages-type":"agency-mini","site-pages-page-builder":"elementor","site-pages-category":[],"site-pages-parent-category":{"60":"business"},"required-plugins":[{"slug":"elementor","init":"elementor\/elementor.php","name":"Elementor"},{"slug":"header-footer-elementor","init":"header-footer-elementor\/header-footer-elementor.php","name":"Elementor Header & Footer Builder"}]},"id-51343":{"title":"Contact","featured-image-url":"https:\/\/websitedemos.net\/wp-content\/uploads\/2021\/03\/certified-life-coach-04-contact.jpg","thumbnail-image-url":"https:\/\/websitedemos.net\/wp-content\/uploads\/2021\/03\/certified-life-coach-04-contact.jpg","astra-page-api-url":"https:\/\/websitedemos.net\/certified-life-coach-04\/wp-json\/wp\/v2\/pages\/872","dynamic-page":"no","astra-page-url":"\/\/websitedemos.net\/certified-life-coach-04\/contact\/","astra-sites-tag":{"415":"contact"},"site-pages-type":"agency-mini","site-pages-page-builder":"elementor","site-pages-category":[],"site-pages-parent-category":{"60":"business"},"required-plugins":[{"slug":"elementor","init":"elementor\/elementor.php","name":"Elementor"},{"slug":"header-footer-elementor","init":"header-footer-elementor\/header-footer-elementor.php","name":"Elementor Header & Footer Builder"},{"slug":"wpforms-lite","init":"wpforms-lite\/wpforms.php","name":"WPForms Lite"}]}},"related-bb-template":"","related-elementor-template":21574,"related-gutenberg-template":74195,"related_ecommerce_template":"","ecommerce_parent_template":""},"id-58934":{"title":"Real Estate Consultant","id":58934,"publish-date":1643644267,"featured-image-url":"https:\/\/websitedemos.net\/wp-content\/uploads\/2022\/01\/real-estate-consultant-02-home-1.jpg","thumbnail-image-url":"https:\/\/websitedemos.net\/wp-content\/uploads\/2022\/01\/real-estate-consultant-02-home-1.jpg","fullpage-thumbnail-image-url":"https:\/\/websitedemos.net\/wp-content\/uploads\/2022\/01\/real-estate-consultant-02-home-1.jpg","astra-site-url":"\/\/websitedemos.net\/real-estate-consultant-02","astra-site-parent-id":2534,"astra-sites-tag":{"2311":"construction-agency","2088":"construction-company","3416":"elementor","2313":"property-rentals","485":"real-estate","2310":"real-estate-agency","2535":"real-estate-consultant","2314":"real-estate-developers","2312":"sales-property"},"astra-sites-type":"free","astra-site-category":{"27":"business","39":"free"},"astra-sites-template-category":{"2794":"consulting","2778":"real-estate","2831":"service"},"astra-site-page-builder":"elementor","categories":{"3427":"default","2483":"expert-services","3428":"free","2484":"real-estate"},"required-plugins":[{"slug":"elementor","init":"elementor\/elementor.php","name":"Elementor"},{"slug":"header-footer-elementor","init":"header-footer-elementor\/header-footer-elementor.php","name":"Elementor Header & Footer Builder"},{"slug":"wpforms-lite","init":"wpforms-lite\/wpforms.php","name":"WPForms Lite"}],"post-status":"publish","post-content":"<!-- wp:paragraph -->\n<p>The Real Estate Consultant template could easily be used for any type of consultant. It\u2019s bright and breezy with a welcoming feel and a contact box front and center.<\/p>\n<!-- \/wp:paragraph -->\n\n<!-- wp:paragraph -->\n<p>The rest of the design uses light complementing colors and modern sans serif fonts to create subtle authority while remaining accessible. The template comes with flexible content areas and extra pages you can customize as you see fit.<\/p>\n<!-- \/wp:paragraph -->\n\n<!-- wp:heading {\"UAGDay\":[]} -->\n<h2 class=\"wp-block-heading\">Key features of the Real Estate Consultant template<\/h2>\n<!-- \/wp:heading -->\n\n<!-- wp:list -->\n<ul><!-- wp:list-item -->\n<li>Attractive design suitable for any type of consultant<\/li>\n<!-- \/wp:list-item -->\n\n<!-- wp:list-item -->\n<li>Warm and welcoming with appealing colors<\/li>\n<!-- \/wp:list-item -->\n\n<!-- wp:list-item -->\n<li>Contact form front and center to capture leads<\/li>\n<!-- \/wp:list-item -->\n\n<!-- wp:list-item -->\n<li>Flexible content blocks throughout<\/li>\n<!-- \/wp:list-item -->\n\n<!-- wp:list-item -->\n<li>Additional pages can be customized to suit any requirement<\/li>\n<!-- \/wp:list-item -->\n\n<!-- wp:list-item -->\n<li>Compatible with popular drag and drop page builders<\/li>\n<!-- \/wp:list-item --><\/ul>\n<!-- \/wp:list -->","post-excerpt":"Deliver the professional look and feel that gives customers the confidence they need","pages":{"id-58937":{"title":"Home","featured-image-url":"https:\/\/websitedemos.net\/wp-content\/uploads\/2022\/01\/real-estate-consultant-02-home-1-1.jpg","thumbnail-image-url":"https:\/\/websitedemos.net\/wp-content\/uploads\/2022\/01\/real-estate-consultant-02-home-1-1.jpg","astra-page-api-url":"https:\/\/websitedemos.net\/real-estate-consultant-02\/wp-json\/wp\/v2\/pages\/6","dynamic-page":"no","astra-page-url":"\/\/websitedemos.net\/real-estate-consultant-02\/","astra-sites-tag":{"423":"home"},"site-pages-type":"free","site-pages-page-builder":"elementor","site-pages-category":[],"site-pages-parent-category":{"60":"business","61":"free"},"required-plugins":[{"slug":"elementor","init":"elementor\/elementor.php","name":"Elementor"},{"slug":"header-footer-elementor","init":"header-footer-elementor\/header-footer-elementor.php","name":"Elementor Header & Footer Builder"},{"slug":"wpforms-lite","init":"wpforms-lite\/wpforms.php","name":"WPForms Lite"}]},"id-58939":{"title":"Services","featured-image-url":"https:\/\/websitedemos.net\/wp-content\/uploads\/2022\/01\/real-estate-consultant-02-services-1.jpg","thumbnail-image-url":"https:\/\/websitedemos.net\/wp-content\/uploads\/2022\/01\/real-estate-consultant-02-services-1.jpg","astra-page-api-url":"https:\/\/websitedemos.net\/real-estate-consultant-02\/wp-json\/wp\/v2\/pages\/9","dynamic-page":"no","astra-page-url":"\/\/websitedemos.net\/real-estate-consultant-02\/services\/","astra-sites-tag":{"425":"services"},"site-pages-type":"free","site-pages-page-builder":"elementor","site-pages-category":[],"site-pages-parent-category":{"60":"business","61":"free"},"required-plugins":[{"slug":"elementor","init":"elementor\/elementor.php","name":"Elementor"},{"slug":"header-footer-elementor","init":"header-footer-elementor\/header-footer-elementor.php","name":"Elementor Header & Footer Builder"}]},"id-58935":{"title":"About me","featured-image-url":"https:\/\/websitedemos.net\/wp-content\/uploads\/2022\/01\/real-estate-consultant-02-about-me-1.jpg","thumbnail-image-url":"https:\/\/websitedemos.net\/wp-content\/uploads\/2022\/01\/real-estate-consultant-02-about-me-1.jpg","astra-page-api-url":"https:\/\/websitedemos.net\/real-estate-consultant-02\/wp-json\/wp\/v2\/pages\/405","dynamic-page":"no","astra-page-url":"\/\/websitedemos.net\/real-estate-consultant-02\/about-me\/","astra-sites-tag":{"1007":"about-me"},"site-pages-type":"free","site-pages-page-builder":"elementor","site-pages-category":[],"site-pages-parent-category":{"60":"business","61":"free"},"required-plugins":[{"slug":"elementor","init":"elementor\/elementor.php","name":"Elementor"},{"slug":"header-footer-elementor","init":"header-footer-elementor\/header-footer-elementor.php","name":"Elementor Header & Footer Builder"}]},"id-58938":{"title":"Reviews","featured-image-url":"https:\/\/websitedemos.net\/wp-content\/uploads\/2022\/01\/real-estate-consultant-02-reviews-1.jpg","thumbnail-image-url":"https:\/\/websitedemos.net\/wp-content\/uploads\/2022\/01\/real-estate-consultant-02-reviews-1.jpg","astra-page-api-url":"https:\/\/websitedemos.net\/real-estate-consultant-02\/wp-json\/wp\/v2\/pages\/13","dynamic-page":"no","astra-page-url":"\/\/websitedemos.net\/real-estate-consultant-02\/reviews\/","astra-sites-tag":{"432":"review"},"site-pages-type":"free","site-pages-page-builder":"elementor","site-pages-category":[],"site-pages-parent-category":{"60":"business","61":"free"},"required-plugins":[{"slug":"elementor","init":"elementor\/elementor.php","name":"Elementor"},{"slug":"header-footer-elementor","init":"header-footer-elementor\/header-footer-elementor.php","name":"Elementor Header & Footer Builder"}]},"id-58936":{"title":"Contact","featured-image-url":"https:\/\/websitedemos.net\/wp-content\/uploads\/2022\/01\/real-estate-consultant-02-contact-1.jpg","thumbnail-image-url":"https:\/\/websitedemos.net\/wp-content\/uploads\/2022\/01\/real-estate-consultant-02-contact-1.jpg","astra-page-api-url":"https:\/\/websitedemos.net\/real-estate-consultant-02\/wp-json\/wp\/v2\/pages\/15","dynamic-page":"no","astra-page-url":"\/\/websitedemos.net\/real-estate-consultant-02\/contact\/","astra-sites-tag":{"415":"contact"},"site-pages-type":"free","site-pages-page-builder":"elementor","site-pages-category":[],"site-pages-parent-category":{"60":"business","61":"free"},"required-plugins":[{"slug":"elementor","init":"elementor\/elementor.php","name":"Elementor"},{"slug":"header-footer-elementor","init":"header-footer-elementor\/header-footer-elementor.php","name":"Elementor Header & Footer Builder"},{"slug":"wpforms-lite","init":"wpforms-lite\/wpforms.php","name":"WPForms Lite"}]}},"related-bb-template":"","related-elementor-template":58934,"related-gutenberg-template":71334,"related_ecommerce_template":"","ecommerce_parent_template":""},"id-88951":{"title":"Gym Pro","id":88951,"publish-date":1712773296,"featured-image-url":"https:\/\/websitedemos.net\/wp-content\/uploads\/2024\/04\/gym-pro-04.jpg","thumbnail-image-url":"https:\/\/websitedemos.net\/wp-content\/uploads\/2024\/04\/gym-pro-04-600x3496.jpg","fullpage-thumbnail-image-url":"https:\/\/websitedemos.net\/wp-content\/uploads\/2024\/04\/gym-pro-04-400x2330.jpg","astra-site-url":"\/\/websitedemos.net\/gym-pro-04","astra-site-parent-id":3598,"astra-sites-tag":{"3416":"elementor","502":"exercise","499":"fitness","505":"fitness-trainer","847":"green","500":"gym","976":"gym-instructor","504":"gym-trainer","1020":"personal","1844":"premium","503":"trainer","501":"work-out"},"astra-sites-type":"agency-mini","astra-site-category":{"27":"business"},"astra-sites-template-category":{"2787":"gym-fitness"},"astra-site-page-builder":"elementor","categories":{"3430":"dark","3427":"default","2480":"fitness-wellness","3429":"premium"},"required-plugins":[{"slug":"astra-addon","init":"astra-addon\/astra-addon.php","name":"Astra Pro"},{"slug":"elementor","init":"elementor\/elementor.php","name":"Elementor"},{"slug":"wpforms-lite","init":"wpforms-lite\/wpforms.php","name":"WPForms Lite"}],"post-status":"publish","post-content":"<!-- wp:paragraph -->\n<p>The Gym Pro template is a fantastic example of high energy design focused for a niche. Created for gyms and fitness, it reflects the industry perfectly with strong colors, bold images and that green contrast color.<\/p>\n<!-- \/wp:paragraph -->\n\n<!-- wp:paragraph -->\n<p>Everything can be customized to suit your taste or your brand. The Gym Pro template is fully compatible with drag and drop page builders where you can customize everything you see on the page. The template is also fully responsive and will look just as amazing on small screens.<\/p>\n<!-- \/wp:paragraph -->\n\n<!-- wp:heading -->\n<h2 class=\"wp-block-heading\">Key features of the Gym Pro template<\/h2>\n<!-- \/wp:heading -->\n\n<!-- wp:list -->\n<ul><!-- wp:list-item -->\n<li>High energy template for gyms and fitness<\/li>\n<!-- \/wp:list-item -->\n\n<!-- wp:list-item -->\n<li>Great use of color and images throughout<\/li>\n<!-- \/wp:list-item -->\n\n<!-- wp:list-item -->\n<li>Fully responsive and works seamlessly on mobile<\/li>\n<!-- \/wp:list-item -->\n\n<!-- wp:list-item -->\n<li>Can be fully customized from the header to the footer<\/li>\n<!-- \/wp:list-item -->\n\n<!-- wp:list-item -->\n<li>Full compatibility with leading page builders<\/li>\n<!-- \/wp:list-item --><\/ul>\n<!-- \/wp:list -->","post-excerpt":"The Gym Pro template uses high energy design to set the scene perfectly","pages":{"id-88955":{"title":"Home","featured-image-url":"https:\/\/websitedemos.net\/wp-content\/uploads\/2024\/04\/gym-pro-04.jpg","thumbnail-image-url":"https:\/\/websitedemos.net\/wp-content\/uploads\/2024\/04\/gym-pro-04-600x3496.jpg","astra-page-api-url":"https:\/\/websitedemos.net\/gym-pro-04\/wp-json\/wp\/v2\/pages\/322","dynamic-page":"no","astra-page-url":"\/\/websitedemos.net\/gym-pro-04\/","astra-sites-tag":{"423":"home"},"site-pages-type":"agency-mini","site-pages-page-builder":"elementor","site-pages-category":[],"site-pages-parent-category":{"60":"business"},"required-plugins":[{"slug":"astra-addon","init":"astra-addon\/astra-addon.php","name":"Astra Pro"},{"slug":"elementor","init":"elementor\/elementor.php","name":"Elementor"}]},"id-88952":{"title":"About","featured-image-url":"https:\/\/websitedemos.net\/wp-content\/uploads\/2024\/04\/gym-pro-04-about-us.jpg","thumbnail-image-url":"https:\/\/websitedemos.net\/wp-content\/uploads\/2024\/04\/gym-pro-04-about-us-600x2469.jpg","astra-page-api-url":"https:\/\/websitedemos.net\/gym-pro-04\/wp-json\/wp\/v2\/pages\/326","dynamic-page":"no","astra-page-url":"\/\/websitedemos.net\/gym-pro-04\/about\/","astra-sites-tag":{"352":"about"},"site-pages-type":"agency-mini","site-pages-page-builder":"elementor","site-pages-category":[],"site-pages-parent-category":{"60":"business"},"required-plugins":[{"slug":"astra-addon","init":"astra-addon\/astra-addon.php","name":"Astra Pro"},{"slug":"elementor","init":"elementor\/elementor.php","name":"Elementor"}]},"id-88953":{"title":"Classes","featured-image-url":"https:\/\/websitedemos.net\/wp-content\/uploads\/2024\/04\/gym-pro-04-classes.jpg","thumbnail-image-url":"https:\/\/websitedemos.net\/wp-content\/uploads\/2024\/04\/gym-pro-04-classes-600x1610.jpg","astra-page-api-url":"https:\/\/websitedemos.net\/gym-pro-04\/wp-json\/wp\/v2\/pages\/327","dynamic-page":"no","astra-page-url":"\/\/websitedemos.net\/gym-pro-04\/classes\/","astra-sites-tag":{"557":"classes"},"site-pages-type":"agency-mini","site-pages-page-builder":"elementor","site-pages-category":[],"site-pages-parent-category":{"60":"business"},"required-plugins":[{"slug":"astra-addon","init":"astra-addon\/astra-addon.php","name":"Astra Pro"},{"slug":"elementor","init":"elementor\/elementor.php","name":"Elementor"}]},"id-88956":{"title":"Membership","featured-image-url":"https:\/\/websitedemos.net\/wp-content\/uploads\/2024\/04\/gym-pro-04-membership.jpg","thumbnail-image-url":"https:\/\/websitedemos.net\/wp-content\/uploads\/2024\/04\/gym-pro-04-membership-600x1366.jpg","astra-page-api-url":"https:\/\/websitedemos.net\/gym-pro-04\/wp-json\/wp\/v2\/pages\/328","dynamic-page":"no","astra-page-url":"\/\/websitedemos.net\/gym-pro-04\/membership\/","astra-sites-tag":{"3599":"membership"},"site-pages-type":"agency-mini","site-pages-page-builder":"elementor","site-pages-category":[],"site-pages-parent-category":{"60":"business"},"required-plugins":[{"slug":"astra-addon","init":"astra-addon\/astra-addon.php","name":"Astra Pro"},{"slug":"elementor","init":"elementor\/elementor.php","name":"Elementor"}]},"id-88957":{"title":"Testimonials","featured-image-url":"https:\/\/websitedemos.net\/wp-content\/uploads\/2024\/04\/gym-pro-04-testimonials.jpg","thumbnail-image-url":"https:\/\/websitedemos.net\/wp-content\/uploads\/2024\/04\/gym-pro-04-testimonials-600x1162.jpg","astra-page-api-url":"https:\/\/websitedemos.net\/gym-pro-04\/wp-json\/wp\/v2\/pages\/329","dynamic-page":"no","astra-page-url":"\/\/websitedemos.net\/gym-pro-04\/testimonials\/","astra-sites-tag":{"433":"testimonials"},"site-pages-type":"agency-mini","site-pages-page-builder":"elementor","site-pages-category":[],"site-pages-parent-category":{"60":"business"},"required-plugins":[{"slug":"astra-addon","init":"astra-addon\/astra-addon.php","name":"Astra Pro"},{"slug":"elementor","init":"elementor\/elementor.php","name":"Elementor"}]},"id-88954":{"title":"Contact","featured-image-url":"https:\/\/websitedemos.net\/wp-content\/uploads\/2024\/04\/gym-pro-04-contact.jpg","thumbnail-image-url":"https:\/\/websitedemos.net\/wp-content\/uploads\/2024\/04\/gym-pro-04-contact-600x1182.jpg","astra-page-api-url":"https:\/\/websitedemos.net\/gym-pro-04\/wp-json\/wp\/v2\/pages\/330","dynamic-page":"no","astra-page-url":"\/\/websitedemos.net\/gym-pro-04\/contact\/","astra-sites-tag":{"415":"contact"},"site-pages-type":"agency-mini","site-pages-page-builder":"elementor","site-pages-category":[],"site-pages-parent-category":{"60":"business"},"required-plugins":[{"slug":"astra-addon","init":"astra-addon\/astra-addon.php","name":"Astra Pro"},{"slug":"elementor","init":"elementor\/elementor.php","name":"Elementor"},{"slug":"wpforms-lite","init":"wpforms-lite\/wpforms.php","name":"WPForms Lite"}]}},"related-bb-template":"","related-elementor-template":"","related-gutenberg-template":"","related_ecommerce_template":"","ecommerce_parent_template":""},"id-58872":{"title":"Deli Restaurant","id":58872,"publish-date":1643644642,"featured-image-url":"https:\/\/websitedemos.net\/wp-content\/uploads\/2020\/08\/nyus-deli-restaurant-home.jpg","thumbnail-image-url":"https:\/\/websitedemos.net\/wp-content\/uploads\/2020\/08\/nyus-deli-restaurant-home.jpg","fullpage-thumbnail-image-url":"https:\/\/websitedemos.net\/wp-content\/uploads\/2020\/08\/nyus-deli-restaurant-home.jpg","astra-site-url":"\/\/websitedemos.net\/deli-restaurant-02","astra-site-parent-id":2512,"astra-sites-tag":{"1527":"cafeteria","783":"cake","972":"club","560":"cuisine","2394":"deli-restaurant","1974":"dessert","561":"eatery","3416":"elementor","336":"food","1579":"food-menu","2513":"fruits-dish","350":"hotel","559":"outlet","335":"restaurant","2041":"snack-bar"},"astra-sites-type":"free","astra-site-category":{"27":"business","39":"free"},"astra-sites-template-category":{"2785":"food","2876":"food-ordering","2776":"restaurant"},"astra-site-page-builder":"elementor","categories":{"3427":"default","3428":"free","2496":"restaurant-food"},"required-plugins":[{"slug":"elementor","init":"elementor\/elementor.php","name":"Elementor"},{"slug":"header-footer-elementor","init":"header-footer-elementor\/header-footer-elementor.php","name":"Elementor Header & Footer Builder"},{"slug":"wpforms-lite","init":"wpforms-lite\/wpforms.php","name":"WPForms Lite"}],"post-status":"publish","post-content":"<!-- wp:paragraph -->\n<p>The Deli Restaurant template has an upscale look that\u2019s obvious as soon as the full page image unfolds. Combined with modern white fonts and creative imagery, it sets the scene perfectly for a restaurant or deli.<\/p>\n<!-- \/wp:paragraph -->\n\n<!-- wp:paragraph -->\n<p>The template includes a menu section and flexible content sections you can personalize along with the extra pages you may need to continue telling your story. It\u2019s a well-designed website template with everything a deli needs.<\/p>\n<!-- \/wp:paragraph -->\n\n<!-- wp:heading {\"UAGDay\":[]} -->\n<h2 class=\"wp-block-heading\">Key features of the Deli Restaurant template<\/h2>\n<!-- \/wp:heading -->\n\n<!-- wp:list -->\n<ul><!-- wp:list-item -->\n<li>Upscale design ideal for a deli or restaurant<\/li>\n<!-- \/wp:list-item -->\n\n<!-- wp:list-item -->\n<li>Attractive menu section and menu pages<\/li>\n<!-- \/wp:list-item -->\n\n<!-- wp:list-item -->\n<li>Lots of image blocks to help create an appetite<\/li>\n<!-- \/wp:list-item -->\n\n<!-- wp:list-item -->\n<li>Optional content blocks that can be fully customized<\/li>\n<!-- \/wp:list-item -->\n\n<!-- wp:list-item -->\n<li>Engaging contact page with reservation button<\/li>\n<!-- \/wp:list-item -->\n\n<!-- wp:list-item -->\n<li>Compatible with drag and drop page builders<\/li>\n<!-- \/wp:list-item --><\/ul>\n<!-- \/wp:list -->","post-excerpt":"Engaging design designed around the food industry, with all essential features you expect","pages":{"id-47163":{"title":"Home","featured-image-url":"https:\/\/websitedemos.net\/wp-content\/uploads\/2020\/08\/nyus-deli-restaurant-home.jpg","thumbnail-image-url":"https:\/\/websitedemos.net\/wp-content\/uploads\/2020\/08\/nyus-deli-restaurant-home.jpg","astra-page-api-url":"https:\/\/websitedemos.net\/deli-restaurant-02\/wp-json\/wp\/v2\/pages\/18","dynamic-page":"no","astra-page-url":"\/\/websitedemos.net\/deli-restaurant-02\/","astra-sites-tag":{"423":"home"},"site-pages-type":"free","site-pages-page-builder":"elementor","site-pages-category":[],"site-pages-parent-category":{"60":"business","61":"free"},"required-plugins":[{"slug":"elementor","init":"elementor\/elementor.php","name":"Elementor"},{"slug":"header-footer-elementor","init":"header-footer-elementor\/header-footer-elementor.php","name":"Elementor Header & Footer Builder"}]},"id-47161":{"title":"About Us","featured-image-url":"https:\/\/websitedemos.net\/wp-content\/uploads\/2020\/08\/nyus-deli-restaurant-about.jpg","thumbnail-image-url":"https:\/\/websitedemos.net\/wp-content\/uploads\/2020\/08\/nyus-deli-restaurant-about.jpg","astra-page-api-url":"https:\/\/websitedemos.net\/deli-restaurant-02\/wp-json\/wp\/v2\/pages\/114","dynamic-page":"no","astra-page-url":"\/\/websitedemos.net\/deli-restaurant-02\/about-us\/","astra-sites-tag":{"455":"about-us"},"site-pages-type":"free","site-pages-page-builder":"elementor","site-pages-category":[],"site-pages-parent-category":{"60":"business","61":"free"},"required-plugins":[{"slug":"elementor","init":"elementor\/elementor.php","name":"Elementor"},{"slug":"header-footer-elementor","init":"header-footer-elementor\/header-footer-elementor.php","name":"Elementor Header & Footer Builder"}]},"id-47164":{"title":"Menu","featured-image-url":"https:\/\/websitedemos.net\/wp-content\/uploads\/2020\/08\/nyus-deli-restaurant-menu.jpg","thumbnail-image-url":"https:\/\/websitedemos.net\/wp-content\/uploads\/2020\/08\/nyus-deli-restaurant-menu.jpg","astra-page-api-url":"https:\/\/websitedemos.net\/deli-restaurant-02\/wp-json\/wp\/v2\/pages\/138","dynamic-page":"no","astra-page-url":"\/\/websitedemos.net\/deli-restaurant-02\/menu\/","astra-sites-tag":{"1579":"food-menu","565":"menu"},"site-pages-type":"free","site-pages-page-builder":"elementor","site-pages-category":[],"site-pages-parent-category":{"60":"business","61":"free"},"required-plugins":[{"slug":"elementor","init":"elementor\/elementor.php","name":"Elementor"},{"slug":"header-footer-elementor","init":"header-footer-elementor\/header-footer-elementor.php","name":"Elementor Header & Footer Builder"}]},"id-47165":{"title":"Menu Dark","featured-image-url":"https:\/\/websitedemos.net\/wp-content\/uploads\/2020\/08\/nyus-deli-restaurant-dark-menu-1.jpg","thumbnail-image-url":"https:\/\/websitedemos.net\/wp-content\/uploads\/2020\/08\/nyus-deli-restaurant-dark-menu-1.jpg","astra-page-api-url":"https:\/\/websitedemos.net\/deli-restaurant-02\/wp-json\/wp\/v2\/pages\/219","dynamic-page":"no","astra-page-url":"\/\/websitedemos.net\/deli-restaurant-02\/menu-dark\/","astra-sites-tag":{"1616":"dark-menu","1579":"food-menu","565":"menu"},"site-pages-type":"free","site-pages-page-builder":"elementor","site-pages-category":[],"site-pages-parent-category":{"60":"business","61":"free"},"required-plugins":[{"slug":"elementor","init":"elementor\/elementor.php","name":"Elementor"},{"slug":"header-footer-elementor","init":"header-footer-elementor\/header-footer-elementor.php","name":"Elementor Header & Footer Builder"}]},"id-47166":{"title":"Testimonial","featured-image-url":"https:\/\/websitedemos.net\/wp-content\/uploads\/2020\/08\/nyus-deli-restaurant-testimonials.jpg","thumbnail-image-url":"https:\/\/websitedemos.net\/wp-content\/uploads\/2020\/08\/nyus-deli-restaurant-testimonials.jpg","astra-page-api-url":"https:\/\/websitedemos.net\/deli-restaurant-02\/wp-json\/wp\/v2\/pages\/142","dynamic-page":"no","astra-page-url":"\/\/websitedemos.net\/deli-restaurant-02\/testimonial\/","astra-sites-tag":{"1615":"reviews","433":"testimonials"},"site-pages-type":"free","site-pages-page-builder":"elementor","site-pages-category":[],"site-pages-parent-category":{"60":"business","61":"free"},"required-plugins":[{"slug":"elementor","init":"elementor\/elementor.php","name":"Elementor"},{"slug":"header-footer-elementor","init":"header-footer-elementor\/header-footer-elementor.php","name":"Elementor Header & Footer Builder"}]},"id-47162":{"title":"Contact","featured-image-url":"https:\/\/websitedemos.net\/wp-content\/uploads\/2020\/08\/nyus-deli-restaurant-contact.jpg","thumbnail-image-url":"https:\/\/websitedemos.net\/wp-content\/uploads\/2020\/08\/nyus-deli-restaurant-contact.jpg","astra-page-api-url":"https:\/\/websitedemos.net\/deli-restaurant-02\/wp-json\/wp\/v2\/pages\/163","dynamic-page":"no","astra-page-url":"\/\/websitedemos.net\/deli-restaurant-02\/contact\/","astra-sites-tag":{"415":"contact"},"site-pages-type":"free","site-pages-page-builder":"elementor","site-pages-category":[],"site-pages-parent-category":{"60":"business","61":"free"},"required-plugins":[{"slug":"elementor","init":"elementor\/elementor.php","name":"Elementor"},{"slug":"header-footer-elementor","init":"header-footer-elementor\/header-footer-elementor.php","name":"Elementor Header & Footer Builder"},{"slug":"wpforms-lite","init":"wpforms-lite\/wpforms.php","name":"WPForms Lite"}]}},"related-bb-template":"","related-elementor-template":58872,"related-gutenberg-template":69112,"related_ecommerce_template":"","ecommerce_parent_template":""}}