{"id-55455":{"title":"Professional Services","id":55455,"publish-date":1621891263,"featured-image-url":"https:\/\/websitedemos.net\/wp-content\/uploads\/2021\/05\/professional-services-08-2.jpg","thumbnail-image-url":"https:\/\/websitedemos.net\/wp-content\/uploads\/2021\/05\/professional-services-08-2-600x1765.jpg","fullpage-thumbnail-image-url":"https:\/\/websitedemos.net\/wp-content\/uploads\/2021\/05\/professional-services-08-2-400x1177.jpg","astra-site-url":"\/\/websitedemos.net\/professional-services-08","astra-site-parent-id":2123,"astra-sites-tag":{"2131":"accounting-firm","2135":"advisory-services","2134":"advocate","2133":"advocate-firm","2132":"auditing-firm","2136":"business-coaching","2129":"professional-coaching"},"astra-sites-type":"free","astra-site-category":{"27":"business","39":"free"},"astra-sites-template-category":[],"astra-site-page-builder":"gutenberg","categories":{"2483":"expert-services"},"required-plugins":[{"slug":"ultimate-addons-for-gutenberg","init":"ultimate-addons-for-gutenberg\/ultimate-addons-for-gutenberg.php","name":"Spectra"}],"post-status":"publish","post-content":"","post-excerpt":"","pages":{"id-55458":{"title":"Home","featured-image-url":"https:\/\/websitedemos.net\/wp-content\/uploads\/2021\/05\/professional-services-08-2.jpg","thumbnail-image-url":"https:\/\/websitedemos.net\/wp-content\/uploads\/2021\/05\/professional-services-08-2-600x1765.jpg","astra-page-api-url":"https:\/\/websitedemos.net\/professional-services-08\/wp-json\/wp\/v2\/pages\/6","dynamic-page":"no","astra-page-url":"\/\/websitedemos.net\/professional-services-08\/","astra-sites-tag":{"423":"home"},"site-pages-type":"free","site-pages-page-builder":"gutenberg","site-pages-category":[],"site-pages-parent-category":{"60":"business","61":"free"},"required-plugins":[{"slug":"ultimate-addons-for-gutenberg","init":"ultimate-addons-for-gutenberg\/ultimate-addons-for-gutenberg.php","name":"Spectra"}]},"id-55456":{"title":"About Us","featured-image-url":"https:\/\/websitedemos.net\/wp-content\/uploads\/2021\/05\/professional-services-08-about-us-1.jpg","thumbnail-image-url":"https:\/\/websitedemos.net\/wp-content\/uploads\/2021\/05\/professional-services-08-about-us-1-600x1490.jpg","astra-page-api-url":"https:\/\/websitedemos.net\/professional-services-08\/wp-json\/wp\/v2\/pages\/7","dynamic-page":"no","astra-page-url":"\/\/websitedemos.net\/professional-services-08\/about-us\/","astra-sites-tag":{"352":"about"},"site-pages-type":"free","site-pages-page-builder":"gutenberg","site-pages-category":[],"site-pages-parent-category":{"60":"business","61":"free"},"required-plugins":[{"slug":"ultimate-addons-for-gutenberg","init":"ultimate-addons-for-gutenberg\/ultimate-addons-for-gutenberg.php","name":"Spectra"}]},"id-55459":{"title":"Services","featured-image-url":"https:\/\/websitedemos.net\/wp-content\/uploads\/2021\/05\/professional-services-08-services-1.jpg","thumbnail-image-url":"https:\/\/websitedemos.net\/wp-content\/uploads\/2021\/05\/professional-services-08-services-1-600x1034.jpg","astra-page-api-url":"https:\/\/websitedemos.net\/professional-services-08\/wp-json\/wp\/v2\/pages\/8","dynamic-page":"no","astra-page-url":"\/\/websitedemos.net\/professional-services-08\/services\/","astra-sites-tag":{"425":"services"},"site-pages-type":"free","site-pages-page-builder":"gutenberg","site-pages-category":[],"site-pages-parent-category":{"60":"business","61":"free"},"required-plugins":[{"slug":"ultimate-addons-for-gutenberg","init":"ultimate-addons-for-gutenberg\/ultimate-addons-for-gutenberg.php","name":"Spectra"}]},"id-55457":{"title":"Contact Us","featured-image-url":"https:\/\/websitedemos.net\/wp-content\/uploads\/2021\/05\/professional-services-08-contact-us-1.jpg","thumbnail-image-url":"https:\/\/websitedemos.net\/wp-content\/uploads\/2021\/05\/professional-services-08-contact-us-1-600x1010.jpg","astra-page-api-url":"https:\/\/websitedemos.net\/professional-services-08\/wp-json\/wp\/v2\/pages\/9","dynamic-page":"no","astra-page-url":"\/\/websitedemos.net\/professional-services-08\/contact-us\/","astra-sites-tag":{"415":"contact"},"site-pages-type":"free","site-pages-page-builder":"gutenberg","site-pages-category":[],"site-pages-parent-category":{"60":"business","61":"free"},"required-plugins":[{"slug":"ultimate-addons-for-gutenberg","init":"ultimate-addons-for-gutenberg\/ultimate-addons-for-gutenberg.php","name":"Spectra"}]}},"related-bb-template":"","related-elementor-template":"","related-gutenberg-template":"","related_ecommerce_template":"","ecommerce_parent_template":""},"id-93995":{"title":"Five Days Website","id":93995,"publish-date":1735313817,"featured-image-url":"https:\/\/websitedemos.net\/wp-content\/uploads\/2024\/12\/creative-agency-07.jpg","thumbnail-image-url":"https:\/\/websitedemos.net\/wp-content\/uploads\/2024\/12\/creative-agency-07-600x3324.jpg","fullpage-thumbnail-image-url":"https:\/\/websitedemos.net\/wp-content\/uploads\/2024\/12\/creative-agency-07-400x2216.jpg","astra-site-url":"\/\/websitedemos.net\/creative-agency-07","astra-site-parent-id":3648,"astra-sites-tag":{"663":"agency","664":"digital-services","665":"service-agency","661":"website"},"astra-sites-type":"agency-mini","astra-site-category":{"27":"business"},"astra-sites-template-category":{"2812":"digital-agency","2831":"service"},"astra-site-page-builder":"gutenberg","categories":{"2487":"agency","3429":"premium"},"required-plugins":[{"slug":"ultimate-addons-for-gutenberg","init":"ultimate-addons-for-gutenberg\/ultimate-addons-for-gutenberg.php","name":"Spectra"}],"post-status":"publish","post-content":"","post-excerpt":"Energetic web template for digital agencies with bright colors and instant appeal","pages":{"id-94000":{"title":"Services","featured-image-url":"https:\/\/websitedemos.net\/wp-content\/uploads\/2024\/12\/creative-agency-07-services.jpg","thumbnail-image-url":"https:\/\/websitedemos.net\/wp-content\/uploads\/2024\/12\/creative-agency-07-services-600x1365.jpg","astra-page-api-url":"https:\/\/websitedemos.net\/creative-agency-07\/wp-json\/wp\/v2\/pages\/1245","dynamic-page":"no","astra-page-url":"\/\/websitedemos.net\/creative-agency-07\/services\/","astra-sites-tag":{"2518":"business-services"},"site-pages-type":"agency-mini","site-pages-page-builder":"gutenberg","site-pages-category":[],"site-pages-parent-category":{"60":"business"},"required-plugins":[{"slug":"ultimate-addons-for-gutenberg","init":"ultimate-addons-for-gutenberg\/ultimate-addons-for-gutenberg.php","name":"Spectra"}]},"id-94001":{"title":"Testimonials","featured-image-url":"https:\/\/websitedemos.net\/wp-content\/uploads\/2024\/12\/creative-agency-07-testimonials.jpg","thumbnail-image-url":"https:\/\/websitedemos.net\/wp-content\/uploads\/2024\/12\/creative-agency-07-testimonials-600x1197.jpg","astra-page-api-url":"https:\/\/websitedemos.net\/creative-agency-07\/wp-json\/wp\/v2\/pages\/1249","dynamic-page":"no","astra-page-url":"\/\/websitedemos.net\/creative-agency-07\/testimonials\/","astra-sites-tag":{"2302":"testimonial"},"site-pages-type":"agency-mini","site-pages-page-builder":"gutenberg","site-pages-category":[],"site-pages-parent-category":{"60":"business"},"required-plugins":[{"slug":"ultimate-addons-for-gutenberg","init":"ultimate-addons-for-gutenberg\/ultimate-addons-for-gutenberg.php","name":"Spectra"}]},"id-93996":{"title":"Case Studies","featured-image-url":"https:\/\/websitedemos.net\/wp-content\/uploads\/2024\/12\/creative-agency-07-case-studies.jpg","thumbnail-image-url":"https:\/\/websitedemos.net\/wp-content\/uploads\/2024\/12\/creative-agency-07-case-studies-600x1404.jpg","astra-page-api-url":"https:\/\/websitedemos.net\/creative-agency-07\/wp-json\/wp\/v2\/pages\/1247","dynamic-page":"no","astra-page-url":"\/\/websitedemos.net\/creative-agency-07\/case-studies\/","astra-sites-tag":{"780":"case-studies"},"site-pages-type":"agency-mini","site-pages-page-builder":"gutenberg","site-pages-category":[],"site-pages-parent-category":{"60":"business"},"required-plugins":[{"slug":"ultimate-addons-for-gutenberg","init":"ultimate-addons-for-gutenberg\/ultimate-addons-for-gutenberg.php","name":"Spectra"}]},"id-93999":{"title":"Prices","featured-image-url":"https:\/\/websitedemos.net\/wp-content\/uploads\/2024\/12\/creative-agency-07-prices.jpg","thumbnail-image-url":"https:\/\/websitedemos.net\/wp-content\/uploads\/2024\/12\/creative-agency-07-prices-600x1666.jpg","astra-page-api-url":"https:\/\/websitedemos.net\/creative-agency-07\/wp-json\/wp\/v2\/pages\/1251","dynamic-page":"no","astra-page-url":"\/\/websitedemos.net\/creative-agency-07\/prices\/","astra-sites-tag":{"815":"price"},"site-pages-type":"agency-mini","site-pages-page-builder":"gutenberg","site-pages-category":[],"site-pages-parent-category":{"60":"business"},"required-plugins":[{"slug":"ultimate-addons-for-gutenberg","init":"ultimate-addons-for-gutenberg\/ultimate-addons-for-gutenberg.php","name":"Spectra"}]},"id-93997":{"title":"Contact","featured-image-url":"https:\/\/websitedemos.net\/wp-content\/uploads\/2024\/12\/creative-agency-07-contact.jpg","thumbnail-image-url":"https:\/\/websitedemos.net\/wp-content\/uploads\/2024\/12\/creative-agency-07-contact-600x1047.jpg","astra-page-api-url":"https:\/\/websitedemos.net\/creative-agency-07\/wp-json\/wp\/v2\/pages\/1253","dynamic-page":"no","astra-page-url":"\/\/websitedemos.net\/creative-agency-07\/contact\/","astra-sites-tag":{"415":"contact"},"site-pages-type":"agency-mini","site-pages-page-builder":"gutenberg","site-pages-category":[],"site-pages-parent-category":{"60":"business"},"required-plugins":[{"slug":"ultimate-addons-for-gutenberg","init":"ultimate-addons-for-gutenberg\/ultimate-addons-for-gutenberg.php","name":"Spectra"}]},"id-93998":{"title":"Home","featured-image-url":"https:\/\/websitedemos.net\/wp-content\/uploads\/2024\/12\/creative-agency-07.jpg","thumbnail-image-url":"https:\/\/websitedemos.net\/wp-content\/uploads\/2024\/12\/creative-agency-07-600x3324.jpg","astra-page-api-url":"https:\/\/websitedemos.net\/creative-agency-07\/wp-json\/wp\/v2\/pages\/1242","dynamic-page":"no","astra-page-url":"\/\/websitedemos.net\/creative-agency-07\/","astra-sites-tag":{"423":"home"},"site-pages-type":"agency-mini","site-pages-page-builder":"gutenberg","site-pages-category":[],"site-pages-parent-category":{"60":"business"},"required-plugins":[{"slug":"ultimate-addons-for-gutenberg","init":"ultimate-addons-for-gutenberg\/ultimate-addons-for-gutenberg.php","name":"Spectra"}]}},"related-bb-template":"","related-elementor-template":"","related-gutenberg-template":"","related_ecommerce_template":"","ecommerce_parent_template":""},"id-85456":{"title":"Finance &amp; Consulting","id":85456,"publish-date":1706206717,"featured-image-url":"https:\/\/websitedemos.net\/wp-content\/uploads\/2024\/01\/finance-consulting-07.jpg","thumbnail-image-url":"https:\/\/websitedemos.net\/wp-content\/uploads\/2024\/01\/finance-consulting-07-600x2093.jpg","fullpage-thumbnail-image-url":"https:\/\/websitedemos.net\/wp-content\/uploads\/2024\/01\/finance-consulting-07-400x1395.jpg","astra-site-url":"\/\/websitedemos.net\/finance-consulting-07","astra-site-parent-id":3425,"astra-sites-tag":{"447":"accountant","448":"accounting","581":"advice","2288":"business-consulting","449":"chartered-accountant","1898":"consulting","446":"finance","3092":"finance-consultant","582":"financial-investment","775":"investment-banking"},"astra-sites-type":"agency-mini","astra-site-category":{"27":"business"},"astra-sites-template-category":{"2823":"accounting","2777":"business","2794":"consulting","2805":"finance","2866":"insurance","2831":"service"},"astra-site-page-builder":"gutenberg","categories":{"2481":"finance-service"},"required-plugins":[{"slug":"ultimate-addons-for-gutenberg","init":"ultimate-addons-for-gutenberg\/ultimate-addons-for-gutenberg.php","name":"Spectra"}],"post-status":"publish","post-content":"","post-excerpt":"","pages":{"id-85461":{"title":"Home","featured-image-url":"https:\/\/websitedemos.net\/wp-content\/uploads\/2024\/01\/finance-consulting-07.jpg","thumbnail-image-url":"https:\/\/websitedemos.net\/wp-content\/uploads\/2024\/01\/finance-consulting-07-600x2093.jpg","astra-page-api-url":"https:\/\/websitedemos.net\/finance-consulting-07\/wp-json\/wp\/v2\/pages\/698","dynamic-page":"no","astra-page-url":"\/\/websitedemos.net\/finance-consulting-07\/","astra-sites-tag":{"423":"home"},"site-pages-type":"agency-mini","site-pages-page-builder":"gutenberg","site-pages-category":[],"site-pages-parent-category":{"60":"business"},"required-plugins":[{"slug":"ultimate-addons-for-gutenberg","init":"ultimate-addons-for-gutenberg\/ultimate-addons-for-gutenberg.php","name":"Spectra"}]},"id-85457":{"title":"About Us","featured-image-url":"https:\/\/websitedemos.net\/wp-content\/uploads\/2024\/01\/finance-consulting-07-about-us.jpg","thumbnail-image-url":"https:\/\/websitedemos.net\/wp-content\/uploads\/2024\/01\/finance-consulting-07-about-us-600x1646.jpg","astra-page-api-url":"https:\/\/websitedemos.net\/finance-consulting-07\/wp-json\/wp\/v2\/pages\/700","dynamic-page":"no","astra-page-url":"\/\/websitedemos.net\/finance-consulting-07\/about-us\/","astra-sites-tag":{"352":"about"},"site-pages-type":"agency-mini","site-pages-page-builder":"gutenberg","site-pages-category":[],"site-pages-parent-category":{"60":"business"},"required-plugins":[{"slug":"ultimate-addons-for-gutenberg","init":"ultimate-addons-for-gutenberg\/ultimate-addons-for-gutenberg.php","name":"Spectra"}]},"id-85462":{"title":"Services","featured-image-url":"https:\/\/websitedemos.net\/wp-content\/uploads\/2024\/01\/finance-consulting-07-services.jpg","thumbnail-image-url":"https:\/\/websitedemos.net\/wp-content\/uploads\/2024\/01\/finance-consulting-07-services-600x1451.jpg","astra-page-api-url":"https:\/\/websitedemos.net\/finance-consulting-07\/wp-json\/wp\/v2\/pages\/699","dynamic-page":"no","astra-page-url":"\/\/websitedemos.net\/finance-consulting-07\/services\/","astra-sites-tag":{"425":"services"},"site-pages-type":"agency-mini","site-pages-page-builder":"gutenberg","site-pages-category":[],"site-pages-parent-category":{"60":"business"},"required-plugins":[{"slug":"ultimate-addons-for-gutenberg","init":"ultimate-addons-for-gutenberg\/ultimate-addons-for-gutenberg.php","name":"Spectra"}]},"id-85458":{"title":"Careers","featured-image-url":"https:\/\/websitedemos.net\/wp-content\/uploads\/2024\/01\/finance-consulting-07-careers.jpg","thumbnail-image-url":"https:\/\/websitedemos.net\/wp-content\/uploads\/2024\/01\/finance-consulting-07-careers-600x1484.jpg","astra-page-api-url":"https:\/\/websitedemos.net\/finance-consulting-07\/wp-json\/wp\/v2\/pages\/702","dynamic-page":"no","astra-page-url":"\/\/websitedemos.net\/finance-consulting-07\/careers\/","astra-sites-tag":{"3093":"careers"},"site-pages-type":"agency-mini","site-pages-page-builder":"gutenberg","site-pages-category":[],"site-pages-parent-category":{"60":"business"},"required-plugins":[{"slug":"ultimate-addons-for-gutenberg","init":"ultimate-addons-for-gutenberg\/ultimate-addons-for-gutenberg.php","name":"Spectra"}]},"id-85459":{"title":"Clients","featured-image-url":"https:\/\/websitedemos.net\/wp-content\/uploads\/2024\/01\/finance-consulting-07-clients.jpg","thumbnail-image-url":"https:\/\/websitedemos.net\/wp-content\/uploads\/2024\/01\/finance-consulting-07-clients-600x1758.jpg","astra-page-api-url":"https:\/\/websitedemos.net\/finance-consulting-07\/wp-json\/wp\/v2\/pages\/701","dynamic-page":"no","astra-page-url":"\/\/websitedemos.net\/finance-consulting-07\/clients\/","astra-sites-tag":{"450":"clients"},"site-pages-type":"agency-mini","site-pages-page-builder":"gutenberg","site-pages-category":[],"site-pages-parent-category":{"60":"business"},"required-plugins":[{"slug":"ultimate-addons-for-gutenberg","init":"ultimate-addons-for-gutenberg\/ultimate-addons-for-gutenberg.php","name":"Spectra"}]},"id-85460":{"title":"Contact Us","featured-image-url":"https:\/\/websitedemos.net\/wp-content\/uploads\/2024\/01\/finance-consulting-07-contact.jpg","thumbnail-image-url":"https:\/\/websitedemos.net\/wp-content\/uploads\/2024\/01\/finance-consulting-07-contact-600x855.jpg","astra-page-api-url":"https:\/\/websitedemos.net\/finance-consulting-07\/wp-json\/wp\/v2\/pages\/703","dynamic-page":"no","astra-page-url":"\/\/websitedemos.net\/finance-consulting-07\/contact-us\/","astra-sites-tag":{"415":"contact"},"site-pages-type":"agency-mini","site-pages-page-builder":"gutenberg","site-pages-category":[],"site-pages-parent-category":{"60":"business"},"required-plugins":[{"slug":"ultimate-addons-for-gutenberg","init":"ultimate-addons-for-gutenberg\/ultimate-addons-for-gutenberg.php","name":"Spectra"}]}},"related-bb-template":"","related-elementor-template":"","related-gutenberg-template":"","related_ecommerce_template":"","ecommerce_parent_template":""},"id-22317":{"title":"Photographer","id":22317,"publish-date":1561719372,"featured-image-url":"https:\/\/websitedemos.net\/wp-content\/uploads\/2019\/06\/photographer-08-1.jpg","thumbnail-image-url":"https:\/\/websitedemos.net\/wp-content\/uploads\/2019\/06\/photographer-08-1-600x2538.jpg","fullpage-thumbnail-image-url":"https:\/\/websitedemos.net\/wp-content\/uploads\/2019\/06\/photographer-08-1-400x1692.jpg","astra-site-url":"\/\/websitedemos.net\/photographer-08","astra-site-parent-id":75,"astra-sites-tag":{"513":"camera","482":"fashion","515":"lens","510":"modelling","511":"photographer","509":"photography","444":"portfolio","514":"videography","512":"wedding-shoot"},"astra-sites-type":"free","astra-site-category":{"37":"blog","39":"free"},"astra-sites-template-category":{"2770":"personal","2773":"photography","2768":"portfolio","2831":"service"},"astra-site-page-builder":"gutenberg","categories":{"2485":"photography","2488":"portfolio"},"required-plugins":[{"slug":"ultimate-addons-for-gutenberg","init":"ultimate-addons-for-gutenberg\/ultimate-addons-for-gutenberg.php","name":"Spectra"}],"post-status":"publish","post-content":"","post-excerpt":"","pages":{"id-22320":{"title":"Home","featured-image-url":"https:\/\/websitedemos.net\/wp-content\/uploads\/2019\/06\/photographer-08-1.jpg","thumbnail-image-url":"https:\/\/websitedemos.net\/wp-content\/uploads\/2019\/06\/photographer-08-1-600x2538.jpg","astra-page-api-url":"https:\/\/websitedemos.net\/photographer-08\/wp-json\/wp\/v2\/pages\/8","dynamic-page":"no","astra-page-url":"\/\/websitedemos.net\/photographer-08\/","astra-sites-tag":{"423":"home"},"site-pages-type":"free","site-pages-page-builder":"gutenberg","site-pages-category":[],"site-pages-parent-category":{"74":"blog","61":"free"},"required-plugins":[{"slug":"ultimate-addons-for-gutenberg","init":"ultimate-addons-for-gutenberg\/ultimate-addons-for-gutenberg.php","name":"Spectra"}]},"id-22318":{"title":"About","featured-image-url":"https:\/\/websitedemos.net\/wp-content\/uploads\/2019\/06\/photographer-08-about-1.jpg","thumbnail-image-url":"https:\/\/websitedemos.net\/wp-content\/uploads\/2019\/06\/photographer-08-about-1-600x1349.jpg","astra-page-api-url":"https:\/\/websitedemos.net\/photographer-08\/wp-json\/wp\/v2\/pages\/26","dynamic-page":"no","astra-page-url":"\/\/websitedemos.net\/photographer-08\/about\/","astra-sites-tag":{"352":"about"},"site-pages-type":"free","site-pages-page-builder":"gutenberg","site-pages-category":[],"site-pages-parent-category":{"74":"blog","61":"free"},"required-plugins":[{"slug":"ultimate-addons-for-gutenberg","init":"ultimate-addons-for-gutenberg\/ultimate-addons-for-gutenberg.php","name":"Spectra"}]},"id-22319":{"title":"Blog","featured-image-url":"https:\/\/websitedemos.net\/wp-content\/uploads\/2019\/06\/photographer-08-blog-1.jpg","thumbnail-image-url":"https:\/\/websitedemos.net\/wp-content\/uploads\/2019\/06\/photographer-08-blog-1-600x961.jpg","astra-page-api-url":"https:\/\/websitedemos.net\/photographer-08\/wp-json\/wp\/v2\/pages\/267","dynamic-page":"no","astra-page-url":"\/\/websitedemos.net\/photographer-08\/blog\/","astra-sites-tag":{"480":"blog"},"site-pages-type":"free","site-pages-page-builder":"gutenberg","site-pages-category":[],"site-pages-parent-category":{"74":"blog","61":"free"},"required-plugins":[{"slug":"ultimate-addons-for-gutenberg","init":"ultimate-addons-for-gutenberg\/ultimate-addons-for-gutenberg.php","name":"Spectra"}]}},"related-bb-template":"","related-elementor-template":"","related-gutenberg-template":"","related_ecommerce_template":"","ecommerce_parent_template":""},"id-85430":{"title":"Author","id":85430,"publish-date":1706206827,"featured-image-url":"https:\/\/websitedemos.net\/wp-content\/uploads\/2024\/01\/author-07.jpg","thumbnail-image-url":"https:\/\/websitedemos.net\/wp-content\/uploads\/2024\/01\/author-07-600x1943.jpg","fullpage-thumbnail-image-url":"https:\/\/websitedemos.net\/wp-content\/uploads\/2024\/01\/author-07-400x1295.jpg","astra-site-url":"\/\/websitedemos.net\/author-07","astra-site-parent-id":3422,"astra-sites-tag":{"724":"author","726":"literature","723":"novelist","1020":"personal","722":"poet","1844":"premium","725":"writer"},"astra-sites-type":"agency-mini","astra-site-category":{"27":"business"},"astra-sites-template-category":{"2839":"author-writer","2814":"bookstore","2769":"ecommerce"},"astra-site-page-builder":"gutenberg","categories":{"2488":"portfolio"},"required-plugins":[{"slug":"ultimate-addons-for-gutenberg","init":"ultimate-addons-for-gutenberg\/ultimate-addons-for-gutenberg.php","name":"Spectra"}],"post-status":"publish","post-content":"","post-excerpt":"","pages":{"id-85434":{"title":"Home","featured-image-url":"https:\/\/websitedemos.net\/wp-content\/uploads\/2024\/01\/author-07.jpg","thumbnail-image-url":"https:\/\/websitedemos.net\/wp-content\/uploads\/2024\/01\/author-07-600x1943.jpg","astra-page-api-url":"https:\/\/websitedemos.net\/author-07\/wp-json\/wp\/v2\/pages\/519","dynamic-page":"no","astra-page-url":"\/\/websitedemos.net\/author-07\/","astra-sites-tag":{"423":"home"},"site-pages-type":"agency-mini","site-pages-page-builder":"gutenberg","site-pages-category":[],"site-pages-parent-category":{"60":"business"},"required-plugins":[{"slug":"ultimate-addons-for-gutenberg","init":"ultimate-addons-for-gutenberg\/ultimate-addons-for-gutenberg.php","name":"Spectra"}]},"id-85431":{"title":"About Me","featured-image-url":"https:\/\/websitedemos.net\/wp-content\/uploads\/2024\/01\/author-07-about-me.jpg","thumbnail-image-url":"https:\/\/websitedemos.net\/wp-content\/uploads\/2024\/01\/author-07-about-me-600x1948.jpg","astra-page-api-url":"https:\/\/websitedemos.net\/author-07\/wp-json\/wp\/v2\/pages\/525","dynamic-page":"no","astra-page-url":"\/\/websitedemos.net\/author-07\/about-me\/","astra-sites-tag":{"1007":"about-me"},"site-pages-type":"agency-mini","site-pages-page-builder":"gutenberg","site-pages-category":[],"site-pages-parent-category":{"60":"business"},"required-plugins":[{"slug":"ultimate-addons-for-gutenberg","init":"ultimate-addons-for-gutenberg\/ultimate-addons-for-gutenberg.php","name":"Spectra"}]},"id-85432":{"title":"Books","featured-image-url":"https:\/\/websitedemos.net\/wp-content\/uploads\/2024\/01\/author-07-books.jpg","thumbnail-image-url":"https:\/\/websitedemos.net\/wp-content\/uploads\/2024\/01\/author-07-books-600x1731.jpg","astra-page-api-url":"https:\/\/websitedemos.net\/author-07\/wp-json\/wp\/v2\/pages\/523","dynamic-page":"no","astra-page-url":"\/\/websitedemos.net\/author-07\/books\/","astra-sites-tag":{"1740":"books"},"site-pages-type":"agency-mini","site-pages-page-builder":"gutenberg","site-pages-category":[],"site-pages-parent-category":{"60":"business"},"required-plugins":[{"slug":"ultimate-addons-for-gutenberg","init":"ultimate-addons-for-gutenberg\/ultimate-addons-for-gutenberg.php","name":"Spectra"}]},"id-85433":{"title":"Contact","featured-image-url":"https:\/\/websitedemos.net\/wp-content\/uploads\/2024\/01\/author-07-contact.jpg","thumbnail-image-url":"https:\/\/websitedemos.net\/wp-content\/uploads\/2024\/01\/author-07-contact-600x865.jpg","astra-page-api-url":"https:\/\/websitedemos.net\/author-07\/wp-json\/wp\/v2\/pages\/527","dynamic-page":"no","astra-page-url":"\/\/websitedemos.net\/author-07\/contact\/","astra-sites-tag":{"415":"contact"},"site-pages-type":"agency-mini","site-pages-page-builder":"gutenberg","site-pages-category":[],"site-pages-parent-category":{"60":"business"},"required-plugins":[{"slug":"ultimate-addons-for-gutenberg","init":"ultimate-addons-for-gutenberg\/ultimate-addons-for-gutenberg.php","name":"Spectra"}]}},"related-bb-template":"","related-elementor-template":"","related-gutenberg-template":"","related_ecommerce_template":"","ecommerce_parent_template":""},"id-48391":{"title":"Windows &#038; Doors Services","id":48391,"publish-date":1603911926,"featured-image-url":"https:\/\/websitedemos.net\/wp-content\/uploads\/2020\/10\/windows-and-doors-08-1.jpg","thumbnail-image-url":"https:\/\/websitedemos.net\/wp-content\/uploads\/2020\/10\/windows-and-doors-08-1-600x2034.jpg","fullpage-thumbnail-image-url":"https:\/\/websitedemos.net\/wp-content\/uploads\/2020\/10\/windows-and-doors-08-1-400x1356.jpg","astra-site-url":"\/\/websitedemos.net\/windows-and-doors-08","astra-site-parent-id":1730,"astra-sites-tag":{"435":"architecture","440":"doors","436":"interior","1021":"local-business","439":"local-services","441":"technician","438":"windows"},"astra-sites-type":"free","astra-site-category":{"27":"business","39":"free"},"astra-sites-template-category":{"2795":"architecture","2777":"business","2768":"portfolio","2831":"service"},"astra-site-page-builder":"gutenberg","categories":{"2471":"local-technician"},"required-plugins":[{"slug":"ultimate-addons-for-gutenberg","init":"ultimate-addons-for-gutenberg\/ultimate-addons-for-gutenberg.php","name":"Spectra"}],"post-status":"publish","post-content":"","post-excerpt":"","pages":{"id-48395":{"title":"Home","featured-image-url":"https:\/\/websitedemos.net\/wp-content\/uploads\/2020\/10\/windows-and-doors-08-1.jpg","thumbnail-image-url":"https:\/\/websitedemos.net\/wp-content\/uploads\/2020\/10\/windows-and-doors-08-1-600x2034.jpg","astra-page-api-url":"https:\/\/websitedemos.net\/windows-and-doors-08\/wp-json\/wp\/v2\/pages\/10","dynamic-page":"no","astra-page-url":"\/\/websitedemos.net\/windows-and-doors-08\/","astra-sites-tag":{"423":"home"},"site-pages-type":"free","site-pages-page-builder":"gutenberg","site-pages-category":[],"site-pages-parent-category":{"60":"business","61":"free"},"required-plugins":[{"slug":"ultimate-addons-for-gutenberg","init":"ultimate-addons-for-gutenberg\/ultimate-addons-for-gutenberg.php","name":"Spectra"}]},"id-48392":{"title":"About","featured-image-url":"https:\/\/websitedemos.net\/wp-content\/uploads\/2020\/10\/windows-and-doors-08-about-1.jpg","thumbnail-image-url":"https:\/\/websitedemos.net\/wp-content\/uploads\/2020\/10\/windows-and-doors-08-about-1-600x1247.jpg","astra-page-api-url":"https:\/\/websitedemos.net\/windows-and-doors-08\/wp-json\/wp\/v2\/pages\/13","dynamic-page":"no","astra-page-url":"\/\/websitedemos.net\/windows-and-doors-08\/about\/","astra-sites-tag":{"352":"about"},"site-pages-type":"free","site-pages-page-builder":"gutenberg","site-pages-category":[],"site-pages-parent-category":{"60":"business","61":"free"},"required-plugins":[{"slug":"ultimate-addons-for-gutenberg","init":"ultimate-addons-for-gutenberg\/ultimate-addons-for-gutenberg.php","name":"Spectra"}]},"id-48397":{"title":"Services","featured-image-url":"https:\/\/websitedemos.net\/wp-content\/uploads\/2020\/10\/windows-and-doors-08-services-1.jpg","thumbnail-image-url":"https:\/\/websitedemos.net\/wp-content\/uploads\/2020\/10\/windows-and-doors-08-services-1-600x1696.jpg","astra-page-api-url":"https:\/\/websitedemos.net\/windows-and-doors-08\/wp-json\/wp\/v2\/pages\/15","dynamic-page":"no","astra-page-url":"\/\/websitedemos.net\/windows-and-doors-08\/services\/","astra-sites-tag":{"425":"services"},"site-pages-type":"free","site-pages-page-builder":"gutenberg","site-pages-category":[],"site-pages-parent-category":{"60":"business","61":"free"},"required-plugins":[{"slug":"ultimate-addons-for-gutenberg","init":"ultimate-addons-for-gutenberg\/ultimate-addons-for-gutenberg.php","name":"Spectra"}]},"id-48396":{"title":"Portfolio","featured-image-url":"https:\/\/websitedemos.net\/wp-content\/uploads\/2020\/10\/windows-and-doors-08-portfolio-1.jpg","thumbnail-image-url":"https:\/\/websitedemos.net\/wp-content\/uploads\/2020\/10\/windows-and-doors-08-portfolio-1-600x1310.jpg","astra-page-api-url":"https:\/\/websitedemos.net\/windows-and-doors-08\/wp-json\/wp\/v2\/pages\/12","dynamic-page":"no","astra-page-url":"\/\/websitedemos.net\/windows-and-doors-08\/portfolio\/","astra-sites-tag":{"444":"portfolio"},"site-pages-type":"free","site-pages-page-builder":"gutenberg","site-pages-category":[],"site-pages-parent-category":{"60":"business","61":"free"},"required-plugins":[{"slug":"ultimate-addons-for-gutenberg","init":"ultimate-addons-for-gutenberg\/ultimate-addons-for-gutenberg.php","name":"Spectra"}]},"id-48394":{"title":"FAQs","featured-image-url":"https:\/\/websitedemos.net\/wp-content\/uploads\/2020\/10\/windows-and-doors-08-faqs-1.jpg","thumbnail-image-url":"https:\/\/websitedemos.net\/wp-content\/uploads\/2020\/10\/windows-and-doors-08-faqs-1-600x810.jpg","astra-page-api-url":"https:\/\/websitedemos.net\/windows-and-doors-08\/wp-json\/wp\/v2\/pages\/171","dynamic-page":"no","astra-page-url":"\/\/websitedemos.net\/windows-and-doors-08\/faqs\/","astra-sites-tag":{"426":"faq"},"site-pages-type":"free","site-pages-page-builder":"gutenberg","site-pages-category":[],"site-pages-parent-category":{"60":"business","61":"free"},"required-plugins":[{"slug":"ultimate-addons-for-gutenberg","init":"ultimate-addons-for-gutenberg\/ultimate-addons-for-gutenberg.php","name":"Spectra"}]},"id-48393":{"title":"Contact","featured-image-url":"https:\/\/websitedemos.net\/wp-content\/uploads\/2020\/10\/windows-and-doors-08-contact-1.jpg","thumbnail-image-url":"https:\/\/websitedemos.net\/wp-content\/uploads\/2020\/10\/windows-and-doors-08-contact-1-600x792.jpg","astra-page-api-url":"https:\/\/websitedemos.net\/windows-and-doors-08\/wp-json\/wp\/v2\/pages\/180","dynamic-page":"no","astra-page-url":"\/\/websitedemos.net\/windows-and-doors-08\/contact\/","astra-sites-tag":{"415":"contact"},"site-pages-type":"free","site-pages-page-builder":"gutenberg","site-pages-category":[],"site-pages-parent-category":{"60":"business","61":"free"},"required-plugins":[{"slug":"ultimate-addons-for-gutenberg","init":"ultimate-addons-for-gutenberg\/ultimate-addons-for-gutenberg.php","name":"Spectra"}]}},"related-bb-template":"","related-elementor-template":"","related-gutenberg-template":"","related_ecommerce_template":"","ecommerce_parent_template":""},"id-93921":{"title":"Accountant","id":93921,"publish-date":1734689993,"featured-image-url":"https:\/\/websitedemos.net\/wp-content\/uploads\/2024\/12\/chartered-accountant-08.jpg","thumbnail-image-url":"https:\/\/websitedemos.net\/wp-content\/uploads\/2024\/12\/chartered-accountant-08-600x1728.jpg","fullpage-thumbnail-image-url":"https:\/\/websitedemos.net\/wp-content\/uploads\/2024\/12\/chartered-accountant-08-400x1152.jpg","astra-site-url":"\/\/websitedemos.net\/chartered-accountant-08","astra-site-parent-id":3646,"astra-sites-tag":{"447":"accountant","448":"accounting","449":"chartered-accountant","446":"finance","1022":"professional"},"astra-sites-type":"free","astra-site-category":{"27":"business","39":"free"},"astra-sites-template-category":{"2823":"accounting","2777":"business","2805":"finance","2866":"insurance","2770":"personal","2831":"service"},"astra-site-page-builder":"gutenberg","categories":{"2481":"finance-service","3428":"free"},"required-plugins":[{"slug":"ultimate-addons-for-gutenberg","init":"ultimate-addons-for-gutenberg\/ultimate-addons-for-gutenberg.php","name":"Spectra"},{"slug":"sureforms","init":"sureforms\/sureforms.php","name":"SureForms"}],"post-status":"publish","post-content":"","post-excerpt":"Interesting design that\u2019s perfect for accountants and all kinds of service businesses","pages":{"id-93925":{"title":"Services","featured-image-url":"https:\/\/websitedemos.net\/wp-content\/uploads\/2024\/12\/chartered-accountant-08-services.jpg","thumbnail-image-url":"https:\/\/websitedemos.net\/wp-content\/uploads\/2024\/12\/chartered-accountant-08-services-600x1280.jpg","astra-page-api-url":"https:\/\/websitedemos.net\/chartered-accountant-08\/wp-json\/wp\/v2\/pages\/389","dynamic-page":"no","astra-page-url":"\/\/websitedemos.net\/chartered-accountant-08\/services\/","astra-sites-tag":{"2518":"business-services"},"site-pages-type":"free","site-pages-page-builder":"gutenberg","site-pages-category":[],"site-pages-parent-category":{"60":"business","61":"free"},"required-plugins":[{"slug":"ultimate-addons-for-gutenberg","init":"ultimate-addons-for-gutenberg\/ultimate-addons-for-gutenberg.php","name":"Spectra"}]},"id-93926":{"title":"Testimonials","featured-image-url":"https:\/\/websitedemos.net\/wp-content\/uploads\/2024\/12\/chartered-accountant-08-testimonials.jpg","thumbnail-image-url":"https:\/\/websitedemos.net\/wp-content\/uploads\/2024\/12\/chartered-accountant-08-testimonials-600x1080.jpg","astra-page-api-url":"https:\/\/websitedemos.net\/chartered-accountant-08\/wp-json\/wp\/v2\/pages\/393","dynamic-page":"no","astra-page-url":"\/\/websitedemos.net\/chartered-accountant-08\/testimonials\/","astra-sites-tag":{"433":"testimonials"},"site-pages-type":"free","site-pages-page-builder":"gutenberg","site-pages-category":[],"site-pages-parent-category":{"60":"business","61":"free"},"required-plugins":[{"slug":"ultimate-addons-for-gutenberg","init":"ultimate-addons-for-gutenberg\/ultimate-addons-for-gutenberg.php","name":"Spectra"}]},"id-93927":{"title":"Why choose me","featured-image-url":"https:\/\/websitedemos.net\/wp-content\/uploads\/2024\/12\/chartered-accountant-08-why-choose-me.jpg","thumbnail-image-url":"https:\/\/websitedemos.net\/wp-content\/uploads\/2024\/12\/chartered-accountant-08-why-choose-me-600x819.jpg","astra-page-api-url":"https:\/\/websitedemos.net\/chartered-accountant-08\/wp-json\/wp\/v2\/pages\/391","dynamic-page":"no","astra-page-url":"\/\/websitedemos.net\/chartered-accountant-08\/why-choose-me\/","astra-sites-tag":{"760":"why-choose-us"},"site-pages-type":"free","site-pages-page-builder":"gutenberg","site-pages-category":[],"site-pages-parent-category":{"60":"business","61":"free"},"required-plugins":[{"slug":"ultimate-addons-for-gutenberg","init":"ultimate-addons-for-gutenberg\/ultimate-addons-for-gutenberg.php","name":"Spectra"}]},"id-93922":{"title":"About","featured-image-url":"https:\/\/websitedemos.net\/wp-content\/uploads\/2024\/12\/chartered-accountant-08-about.jpg","thumbnail-image-url":"https:\/\/websitedemos.net\/wp-content\/uploads\/2024\/12\/chartered-accountant-08-about-600x1043.jpg","astra-page-api-url":"https:\/\/websitedemos.net\/chartered-accountant-08\/wp-json\/wp\/v2\/pages\/387","dynamic-page":"no","astra-page-url":"\/\/websitedemos.net\/chartered-accountant-08\/about\/","astra-sites-tag":{"352":"about"},"site-pages-type":"free","site-pages-page-builder":"gutenberg","site-pages-category":[],"site-pages-parent-category":{"60":"business","61":"free"},"required-plugins":[{"slug":"ultimate-addons-for-gutenberg","init":"ultimate-addons-for-gutenberg\/ultimate-addons-for-gutenberg.php","name":"Spectra"}]},"id-93923":{"title":"Contact","featured-image-url":"https:\/\/websitedemos.net\/wp-content\/uploads\/2024\/12\/chartered-accountant-08-contact.jpg","thumbnail-image-url":"https:\/\/websitedemos.net\/wp-content\/uploads\/2024\/12\/chartered-accountant-08-contact-600x874.jpg","astra-page-api-url":"https:\/\/websitedemos.net\/chartered-accountant-08\/wp-json\/wp\/v2\/pages\/395","dynamic-page":"no","astra-page-url":"\/\/websitedemos.net\/chartered-accountant-08\/contact\/","astra-sites-tag":{"415":"contact"},"site-pages-type":"free","site-pages-page-builder":"gutenberg","site-pages-category":[],"site-pages-parent-category":{"60":"business","61":"free"},"required-plugins":[{"slug":"ultimate-addons-for-gutenberg","init":"ultimate-addons-for-gutenberg\/ultimate-addons-for-gutenberg.php","name":"Spectra"},{"slug":"sureforms","init":"sureforms\/sureforms.php","name":"SureForms"}]},"id-93924":{"title":"Home","featured-image-url":"https:\/\/websitedemos.net\/wp-content\/uploads\/2024\/12\/chartered-accountant-08.jpg","thumbnail-image-url":"https:\/\/websitedemos.net\/wp-content\/uploads\/2024\/12\/chartered-accountant-08-600x1728.jpg","astra-page-api-url":"https:\/\/websitedemos.net\/chartered-accountant-08\/wp-json\/wp\/v2\/pages\/384","dynamic-page":"no","astra-page-url":"\/\/websitedemos.net\/chartered-accountant-08\/","astra-sites-tag":{"423":"home"},"site-pages-type":"free","site-pages-page-builder":"gutenberg","site-pages-category":[],"site-pages-parent-category":{"60":"business","61":"free"},"required-plugins":[{"slug":"ultimate-addons-for-gutenberg","init":"ultimate-addons-for-gutenberg\/ultimate-addons-for-gutenberg.php","name":"Spectra"}]}},"related-bb-template":"","related-elementor-template":"","related-gutenberg-template":"","related_ecommerce_template":"","ecommerce_parent_template":""},"id-85331":{"title":"Law Firm","id":85331,"publish-date":1706127448,"featured-image-url":"https:\/\/websitedemos.net\/wp-content\/uploads\/2024\/01\/law-firm-07.jpg","thumbnail-image-url":"https:\/\/websitedemos.net\/wp-content\/uploads\/2024\/01\/law-firm-07-600x2654.jpg","fullpage-thumbnail-image-url":"https:\/\/websitedemos.net\/wp-content\/uploads\/2024\/01\/law-firm-07-400x1769.jpg","astra-site-url":"\/\/websitedemos.net\/law-firm-07","astra-site-parent-id":3409,"astra-sites-tag":{"704":"corporate-law","701":"criminal-law","703":"enforcement","702":"law-firm","998":"law-office","706":"lawyer","778":"legal","917":"legal-firm"},"astra-sites-type":"agency-mini","astra-site-category":{"27":"business"},"astra-sites-template-category":{"2777":"business","2824":"law-firm","2831":"service"},"astra-site-page-builder":"gutenberg","categories":{"2482":"law"},"required-plugins":[{"slug":"ultimate-addons-for-gutenberg","init":"ultimate-addons-for-gutenberg\/ultimate-addons-for-gutenberg.php","name":"Spectra"}],"post-status":"publish","post-content":"","post-excerpt":"","pages":{"id-85335":{"title":"Home","featured-image-url":"https:\/\/websitedemos.net\/wp-content\/uploads\/2024\/01\/law-firm-07.jpg","thumbnail-image-url":"https:\/\/websitedemos.net\/wp-content\/uploads\/2024\/01\/law-firm-07-600x2654.jpg","astra-page-api-url":"https:\/\/websitedemos.net\/law-firm-07\/wp-json\/wp\/v2\/pages\/634","dynamic-page":"no","astra-page-url":"\/\/websitedemos.net\/law-firm-07\/","astra-sites-tag":{"423":"home"},"site-pages-type":"agency-mini","site-pages-page-builder":"gutenberg","site-pages-category":[],"site-pages-parent-category":{"60":"business"},"required-plugins":[{"slug":"ultimate-addons-for-gutenberg","init":"ultimate-addons-for-gutenberg\/ultimate-addons-for-gutenberg.php","name":"Spectra"}]},"id-85332":{"title":"About","featured-image-url":"https:\/\/websitedemos.net\/wp-content\/uploads\/2024\/01\/law-firm-07-about-us.jpg","thumbnail-image-url":"https:\/\/websitedemos.net\/wp-content\/uploads\/2024\/01\/law-firm-07-about-us-600x1408.jpg","astra-page-api-url":"https:\/\/websitedemos.net\/law-firm-07\/wp-json\/wp\/v2\/pages\/637","dynamic-page":"no","astra-page-url":"\/\/websitedemos.net\/law-firm-07\/about\/","astra-sites-tag":{"352":"about"},"site-pages-type":"agency-mini","site-pages-page-builder":"gutenberg","site-pages-category":[],"site-pages-parent-category":{"60":"business"},"required-plugins":[{"slug":"ultimate-addons-for-gutenberg","init":"ultimate-addons-for-gutenberg\/ultimate-addons-for-gutenberg.php","name":"Spectra"}]},"id-85333":{"title":"Attorneys","featured-image-url":"https:\/\/websitedemos.net\/wp-content\/uploads\/2024\/01\/law-firm-07-attorneys.jpg","thumbnail-image-url":"https:\/\/websitedemos.net\/wp-content\/uploads\/2024\/01\/law-firm-07-attorneys-600x1121.jpg","astra-page-api-url":"https:\/\/websitedemos.net\/law-firm-07\/wp-json\/wp\/v2\/pages\/641","dynamic-page":"no","astra-page-url":"\/\/websitedemos.net\/law-firm-07\/attorneys\/","astra-sites-tag":{"912":"attorneys"},"site-pages-type":"agency-mini","site-pages-page-builder":"gutenberg","site-pages-category":[],"site-pages-parent-category":{"60":"business"},"required-plugins":[{"slug":"ultimate-addons-for-gutenberg","init":"ultimate-addons-for-gutenberg\/ultimate-addons-for-gutenberg.php","name":"Spectra"}]},"id-85336":{"title":"Practice Areas","featured-image-url":"https:\/\/websitedemos.net\/wp-content\/uploads\/2024\/01\/law-firm-07-practice-areas.jpg","thumbnail-image-url":"https:\/\/websitedemos.net\/wp-content\/uploads\/2024\/01\/law-firm-07-practice-areas-600x1403.jpg","astra-page-api-url":"https:\/\/websitedemos.net\/law-firm-07\/wp-json\/wp\/v2\/pages\/639","dynamic-page":"no","astra-page-url":"\/\/websitedemos.net\/law-firm-07\/practice-areas\/","astra-sites-tag":{"707":"practice-area"},"site-pages-type":"agency-mini","site-pages-page-builder":"gutenberg","site-pages-category":[],"site-pages-parent-category":{"60":"business"},"required-plugins":[{"slug":"ultimate-addons-for-gutenberg","init":"ultimate-addons-for-gutenberg\/ultimate-addons-for-gutenberg.php","name":"Spectra"}]},"id-85334":{"title":"Contact","featured-image-url":"https:\/\/websitedemos.net\/wp-content\/uploads\/2024\/01\/law-firm-07-contact.jpg","thumbnail-image-url":"https:\/\/websitedemos.net\/wp-content\/uploads\/2024\/01\/law-firm-07-contact-600x1024.jpg","astra-page-api-url":"https:\/\/websitedemos.net\/law-firm-07\/wp-json\/wp\/v2\/pages\/643","dynamic-page":"no","astra-page-url":"\/\/websitedemos.net\/law-firm-07\/contact\/","astra-sites-tag":{"415":"contact"},"site-pages-type":"agency-mini","site-pages-page-builder":"gutenberg","site-pages-category":[],"site-pages-parent-category":{"60":"business"},"required-plugins":[{"slug":"ultimate-addons-for-gutenberg","init":"ultimate-addons-for-gutenberg\/ultimate-addons-for-gutenberg.php","name":"Spectra"}]}},"related-bb-template":"","related-elementor-template":"","related-gutenberg-template":"","related_ecommerce_template":"","ecommerce_parent_template":""},"id-55398":{"title":"Salon &amp; Spa","id":55398,"publish-date":1621884270,"featured-image-url":"https:\/\/websitedemos.net\/wp-content\/uploads\/2021\/05\/stylist-08.jpg","thumbnail-image-url":"https:\/\/websitedemos.net\/wp-content\/uploads\/2021\/05\/stylist-08-600x2474.jpg","fullpage-thumbnail-image-url":"https:\/\/websitedemos.net\/wp-content\/uploads\/2021\/05\/stylist-08-400x1649.jpg","astra-site-url":"\/\/websitedemos.net\/stylist-08","astra-site-parent-id":2101,"astra-sites-tag":{"2102":"beautician","2121":"beauty-parlor","2106":"beauty-salon","2120":"fashion-and-beauty","1642":"hair-salon","2108":"hairdresser","577":"makeup-artist","2119":"salon-and-spa","530":"spa","2107":"stylist","619":"wellness"},"astra-sites-type":"free","astra-site-category":{"27":"business","39":"free"},"astra-sites-template-category":[],"astra-site-page-builder":"gutenberg","categories":{"2479":"beauty"},"required-plugins":[{"slug":"ultimate-addons-for-gutenberg","init":"ultimate-addons-for-gutenberg\/ultimate-addons-for-gutenberg.php","name":"Spectra"},{"slug":"sureforms","init":"sureforms\/sureforms.php","name":"SureForms"}],"post-status":"publish","post-content":"","post-excerpt":"","pages":{"id-55401":{"title":"Home","featured-image-url":"https:\/\/websitedemos.net\/wp-content\/uploads\/2021\/05\/stylist-08.jpg","thumbnail-image-url":"https:\/\/websitedemos.net\/wp-content\/uploads\/2021\/05\/stylist-08-600x2474.jpg","astra-page-api-url":"https:\/\/websitedemos.net\/stylist-08\/wp-json\/wp\/v2\/pages\/6","dynamic-page":"no","astra-page-url":"\/\/websitedemos.net\/stylist-08\/","astra-sites-tag":{"423":"home"},"site-pages-type":"free","site-pages-page-builder":"gutenberg","site-pages-category":[],"site-pages-parent-category":{"60":"business","61":"free"},"required-plugins":[{"slug":"ultimate-addons-for-gutenberg","init":"ultimate-addons-for-gutenberg\/ultimate-addons-for-gutenberg.php","name":"Spectra"}]},"id-55399":{"title":"About","featured-image-url":"https:\/\/websitedemos.net\/wp-content\/uploads\/2021\/05\/stylist-about-08.jpg","thumbnail-image-url":"https:\/\/websitedemos.net\/wp-content\/uploads\/2021\/05\/stylist-about-08-600x1247.jpg","astra-page-api-url":"https:\/\/websitedemos.net\/stylist-08\/wp-json\/wp\/v2\/pages\/900","dynamic-page":"no","astra-page-url":"\/\/websitedemos.net\/stylist-08\/about\/","astra-sites-tag":{"352":"about"},"site-pages-type":"free","site-pages-page-builder":"gutenberg","site-pages-category":[],"site-pages-parent-category":{"60":"business","61":"free"},"required-plugins":[{"slug":"ultimate-addons-for-gutenberg","init":"ultimate-addons-for-gutenberg\/ultimate-addons-for-gutenberg.php","name":"Spectra"}]},"id-55402":{"title":"Services","featured-image-url":"https:\/\/websitedemos.net\/wp-content\/uploads\/2021\/05\/stylist-services-08.jpg","thumbnail-image-url":"https:\/\/websitedemos.net\/wp-content\/uploads\/2021\/05\/stylist-services-08-600x1642.jpg","astra-page-api-url":"https:\/\/websitedemos.net\/stylist-08\/wp-json\/wp\/v2\/pages\/902","dynamic-page":"no","astra-page-url":"\/\/websitedemos.net\/stylist-08\/services\/","astra-sites-tag":{"425":"services"},"site-pages-type":"free","site-pages-page-builder":"gutenberg","site-pages-category":[],"site-pages-parent-category":{"60":"business","61":"free"},"required-plugins":[{"slug":"ultimate-addons-for-gutenberg","init":"ultimate-addons-for-gutenberg\/ultimate-addons-for-gutenberg.php","name":"Spectra"}]},"id-55400":{"title":"Contact","featured-image-url":"https:\/\/websitedemos.net\/wp-content\/uploads\/2021\/05\/stylist-contact-08.jpg","thumbnail-image-url":"https:\/\/websitedemos.net\/wp-content\/uploads\/2021\/05\/stylist-contact-08-600x879.jpg","astra-page-api-url":"https:\/\/websitedemos.net\/stylist-08\/wp-json\/wp\/v2\/pages\/904","dynamic-page":"no","astra-page-url":"\/\/websitedemos.net\/stylist-08\/contact\/","astra-sites-tag":{"415":"contact"},"site-pages-type":"free","site-pages-page-builder":"gutenberg","site-pages-category":[],"site-pages-parent-category":{"60":"business","61":"free"},"required-plugins":[{"slug":"ultimate-addons-for-gutenberg","init":"ultimate-addons-for-gutenberg\/ultimate-addons-for-gutenberg.php","name":"Spectra"},{"slug":"sureforms","init":"sureforms\/sureforms.php","name":"SureForms"}]}},"related-bb-template":"","related-elementor-template":"","related-gutenberg-template":"","related_ecommerce_template":"","ecommerce_parent_template":""},"id-85365":{"title":"Budget Hotel","id":85365,"publish-date":1706125476,"featured-image-url":"https:\/\/websitedemos.net\/wp-content\/uploads\/2024\/01\/budget-hotel-07.jpg","thumbnail-image-url":"https:\/\/websitedemos.net\/wp-content\/uploads\/2024\/01\/budget-hotel-07-600x3974.jpg","fullpage-thumbnail-image-url":"https:\/\/websitedemos.net\/wp-content\/uploads\/2024\/01\/budget-hotel-07-400x2649.jpg","astra-site-url":"\/\/websitedemos.net\/budget-hotel-07","astra-site-parent-id":3412,"astra-sites-tag":{"2200":"apartment","2192":"bb","2202":"bed-and-breakfast","2175":"budget-hotel","2177":"cheap-hotel","2189":"guest-house","350":"hotel","712":"lodge","2201":"lodging","714":"resort"},"astra-sites-type":"agency-mini","astra-site-category":{"27":"business"},"astra-sites-template-category":{"2777":"business","2788":"hotel-bnb"},"astra-site-page-builder":"gutenberg","categories":{"2498":"hotel-travel"},"required-plugins":[{"slug":"ultimate-addons-for-gutenberg","init":"ultimate-addons-for-gutenberg\/ultimate-addons-for-gutenberg.php","name":"Spectra"}],"post-status":"publish","post-content":"","post-excerpt":"","pages":{"id-85368":{"title":"Home","featured-image-url":"https:\/\/websitedemos.net\/wp-content\/uploads\/2024\/01\/budget-hotel-07.jpg","thumbnail-image-url":"https:\/\/websitedemos.net\/wp-content\/uploads\/2024\/01\/budget-hotel-07-600x3974.jpg","astra-page-api-url":"https:\/\/websitedemos.net\/budget-hotel-07\/wp-json\/wp\/v2\/pages\/26","dynamic-page":"no","astra-page-url":"\/\/websitedemos.net\/budget-hotel-07\/","astra-sites-tag":{"423":"home"},"site-pages-type":"agency-mini","site-pages-page-builder":"gutenberg","site-pages-category":[],"site-pages-parent-category":{"60":"business"},"required-plugins":[{"slug":"ultimate-addons-for-gutenberg","init":"ultimate-addons-for-gutenberg\/ultimate-addons-for-gutenberg.php","name":"Spectra"}]},"id-85370":{"title":"Things To Do","featured-image-url":"https:\/\/websitedemos.net\/wp-content\/uploads\/2024\/01\/budget-hotel-07-things-to-do.jpg","thumbnail-image-url":"https:\/\/websitedemos.net\/wp-content\/uploads\/2024\/01\/budget-hotel-07-things-to-do-600x2035.jpg","astra-page-api-url":"https:\/\/websitedemos.net\/budget-hotel-07\/wp-json\/wp\/v2\/pages\/24","dynamic-page":"no","astra-page-url":"\/\/websitedemos.net\/budget-hotel-07\/things-to-do\/","astra-sites-tag":{"3438":"things-to-do"},"site-pages-type":"agency-mini","site-pages-page-builder":"gutenberg","site-pages-category":[],"site-pages-parent-category":{"60":"business"},"required-plugins":[{"slug":"ultimate-addons-for-gutenberg","init":"ultimate-addons-for-gutenberg\/ultimate-addons-for-gutenberg.php","name":"Spectra"}]},"id-85367":{"title":"Facilities","featured-image-url":"https:\/\/websitedemos.net\/wp-content\/uploads\/2024\/01\/budget-hotel-07-facilities.jpg","thumbnail-image-url":"https:\/\/websitedemos.net\/wp-content\/uploads\/2024\/01\/budget-hotel-07-facilities-600x1308.jpg","astra-page-api-url":"https:\/\/websitedemos.net\/budget-hotel-07\/wp-json\/wp\/v2\/pages\/28","dynamic-page":"no","astra-page-url":"\/\/websitedemos.net\/budget-hotel-07\/facilities\/","astra-sites-tag":{"1599":"facilities"},"site-pages-type":"agency-mini","site-pages-page-builder":"gutenberg","site-pages-category":[],"site-pages-parent-category":{"60":"business"},"required-plugins":[{"slug":"ultimate-addons-for-gutenberg","init":"ultimate-addons-for-gutenberg\/ultimate-addons-for-gutenberg.php","name":"Spectra"}]},"id-85369":{"title":"Rooms","featured-image-url":"https:\/\/websitedemos.net\/wp-content\/uploads\/2024\/01\/budget-hotel-07-rooms.jpg","thumbnail-image-url":"https:\/\/websitedemos.net\/wp-content\/uploads\/2024\/01\/budget-hotel-07-rooms-600x2391.jpg","astra-page-api-url":"https:\/\/websitedemos.net\/budget-hotel-07\/wp-json\/wp\/v2\/pages\/19","dynamic-page":"no","astra-page-url":"\/\/websitedemos.net\/budget-hotel-07\/rooms\/","astra-sites-tag":{"715":"rooms"},"site-pages-type":"agency-mini","site-pages-page-builder":"gutenberg","site-pages-category":[],"site-pages-parent-category":{"60":"business"},"required-plugins":[{"slug":"ultimate-addons-for-gutenberg","init":"ultimate-addons-for-gutenberg\/ultimate-addons-for-gutenberg.php","name":"Spectra"}]},"id-85366":{"title":"Contact","featured-image-url":"https:\/\/websitedemos.net\/wp-content\/uploads\/2024\/01\/budget-hotel-07-contact.jpg","thumbnail-image-url":"https:\/\/websitedemos.net\/wp-content\/uploads\/2024\/01\/budget-hotel-07-contact-600x1398.jpg","astra-page-api-url":"https:\/\/websitedemos.net\/budget-hotel-07\/wp-json\/wp\/v2\/pages\/30","dynamic-page":"no","astra-page-url":"\/\/websitedemos.net\/budget-hotel-07\/contact\/","astra-sites-tag":{"415":"contact"},"site-pages-type":"agency-mini","site-pages-page-builder":"gutenberg","site-pages-category":[],"site-pages-parent-category":{"60":"business"},"required-plugins":[{"slug":"ultimate-addons-for-gutenberg","init":"ultimate-addons-for-gutenberg\/ultimate-addons-for-gutenberg.php","name":"Spectra"}]}},"related-bb-template":"","related-elementor-template":"","related-gutenberg-template":"","related_ecommerce_template":"","ecommerce_parent_template":""},"id-48580":{"title":"Car Wash","id":48580,"publish-date":1603984622,"featured-image-url":"https:\/\/websitedemos.net\/wp-content\/uploads\/2020\/10\/car-wash-08.jpg","thumbnail-image-url":"https:\/\/websitedemos.net\/wp-content\/uploads\/2020\/10\/car-wash-08-600x2367.jpg","fullpage-thumbnail-image-url":"https:\/\/websitedemos.net\/wp-content\/uploads\/2020\/10\/car-wash-08-400x1578.jpg","astra-site-url":"\/\/websitedemos.net\/car-wash-08","astra-site-parent-id":1747,"astra-sites-tag":{"1749":"bike-care","1750":"bike-wash","588":"car-care","587":"car-detailing","1751":"car-maintenance","586":"car-wash","1021":"local-business"},"astra-sites-type":"free","astra-site-category":{"27":"business","39":"free"},"astra-sites-template-category":[],"astra-site-page-builder":"gutenberg","categories":{"2475":"automotive"},"required-plugins":[{"slug":"ultimate-addons-for-gutenberg","init":"ultimate-addons-for-gutenberg\/ultimate-addons-for-gutenberg.php","name":"Spectra"},{"slug":"sureforms","init":"sureforms\/sureforms.php","name":"SureForms"}],"post-status":"publish","post-content":"","post-excerpt":"","pages":{"id-48583":{"title":"Home","featured-image-url":"https:\/\/websitedemos.net\/wp-content\/uploads\/2020\/10\/car-wash-08.jpg","thumbnail-image-url":"https:\/\/websitedemos.net\/wp-content\/uploads\/2020\/10\/car-wash-08-600x2367.jpg","astra-page-api-url":"https:\/\/websitedemos.net\/car-wash-08\/wp-json\/wp\/v2\/pages\/9","dynamic-page":"no","astra-page-url":"\/\/websitedemos.net\/car-wash-08\/","astra-sites-tag":{"423":"home"},"site-pages-type":"free","site-pages-page-builder":"gutenberg","site-pages-category":[],"site-pages-parent-category":{"60":"business","61":"free"},"required-plugins":[{"slug":"ultimate-addons-for-gutenberg","init":"ultimate-addons-for-gutenberg\/ultimate-addons-for-gutenberg.php","name":"Spectra"}]},"id-48581":{"title":"About","featured-image-url":"https:\/\/websitedemos.net\/wp-content\/uploads\/2020\/10\/car-wash-08-about-1.jpg","thumbnail-image-url":"https:\/\/websitedemos.net\/wp-content\/uploads\/2020\/10\/car-wash-08-about-1-600x1322.jpg","astra-page-api-url":"https:\/\/websitedemos.net\/car-wash-08\/wp-json\/wp\/v2\/pages\/5","dynamic-page":"no","astra-page-url":"\/\/websitedemos.net\/car-wash-08\/about\/","astra-sites-tag":{"352":"about"},"site-pages-type":"free","site-pages-page-builder":"gutenberg","site-pages-category":[],"site-pages-parent-category":{"60":"business","61":"free"},"required-plugins":[{"slug":"ultimate-addons-for-gutenberg","init":"ultimate-addons-for-gutenberg\/ultimate-addons-for-gutenberg.php","name":"Spectra"}]},"id-48584":{"title":"Services","featured-image-url":"https:\/\/websitedemos.net\/wp-content\/uploads\/2020\/10\/car-wash-08-services-1.jpg","thumbnail-image-url":"https:\/\/websitedemos.net\/wp-content\/uploads\/2020\/10\/car-wash-08-services-1-600x1405.jpg","astra-page-api-url":"https:\/\/websitedemos.net\/car-wash-08\/wp-json\/wp\/v2\/pages\/11","dynamic-page":"no","astra-page-url":"\/\/websitedemos.net\/car-wash-08\/services\/","astra-sites-tag":{"425":"services"},"site-pages-type":"free","site-pages-page-builder":"gutenberg","site-pages-category":[],"site-pages-parent-category":{"60":"business","61":"free"},"required-plugins":[{"slug":"ultimate-addons-for-gutenberg","init":"ultimate-addons-for-gutenberg\/ultimate-addons-for-gutenberg.php","name":"Spectra"}]},"id-48585":{"title":"Wash Menu","featured-image-url":"https:\/\/websitedemos.net\/wp-content\/uploads\/2020\/10\/car-wash-08-wash-menu-1.jpg","thumbnail-image-url":"https:\/\/websitedemos.net\/wp-content\/uploads\/2020\/10\/car-wash-08-wash-menu-1-600x1138.jpg","astra-page-api-url":"https:\/\/websitedemos.net\/car-wash-08\/wp-json\/wp\/v2\/pages\/13","dynamic-page":"no","astra-page-url":"\/\/websitedemos.net\/car-wash-08\/wash-menu\/","astra-sites-tag":{"585":"pricing","761":"wash-menu","451":"work"},"site-pages-type":"free","site-pages-page-builder":"gutenberg","site-pages-category":[],"site-pages-parent-category":{"60":"business","61":"free"},"required-plugins":[{"slug":"ultimate-addons-for-gutenberg","init":"ultimate-addons-for-gutenberg\/ultimate-addons-for-gutenberg.php","name":"Spectra"}]},"id-48582":{"title":"Contact","featured-image-url":"https:\/\/websitedemos.net\/wp-content\/uploads\/2020\/10\/car-wash-08-contact-1.jpg","thumbnail-image-url":"https:\/\/websitedemos.net\/wp-content\/uploads\/2020\/10\/car-wash-08-contact-1-600x1241.jpg","astra-page-api-url":"https:\/\/websitedemos.net\/car-wash-08\/wp-json\/wp\/v2\/pages\/7","dynamic-page":"no","astra-page-url":"\/\/websitedemos.net\/car-wash-08\/contact\/","astra-sites-tag":{"415":"contact"},"site-pages-type":"free","site-pages-page-builder":"gutenberg","site-pages-category":[],"site-pages-parent-category":{"60":"business","61":"free"},"required-plugins":[{"slug":"ultimate-addons-for-gutenberg","init":"ultimate-addons-for-gutenberg\/ultimate-addons-for-gutenberg.php","name":"Spectra"},{"slug":"sureforms","init":"sureforms\/sureforms.php","name":"SureForms"}]}},"related-bb-template":"","related-elementor-template":"","related-gutenberg-template":"","related_ecommerce_template":"","ecommerce_parent_template":""},"id-85311":{"title":"Innesa Perfumes","id":85311,"publish-date":1706043646,"featured-image-url":"https:\/\/websitedemos.net\/wp-content\/uploads\/2024\/01\/inessa-perfumes-07.jpg","thumbnail-image-url":"https:\/\/websitedemos.net\/wp-content\/uploads\/2024\/01\/inessa-perfumes-07-600x2454.jpg","fullpage-thumbnail-image-url":"https:\/\/websitedemos.net\/wp-content\/uploads\/2024\/01\/inessa-perfumes-07-400x1636.jpg","astra-site-url":"\/\/websitedemos.net\/inessa-perfumes-07","astra-site-parent-id":3406,"astra-sites-tag":{"496":"ecommerce","1817":"ecommerce-store","2844":"fragrance","383":"online-store","2843":"perfume","2846":"perfume-store","967":"product-store","2845":"smell","749":"store"},"astra-sites-type":"agency-mini","astra-site-category":{"38":"ecommerce"},"astra-sites-template-category":{"2769":"ecommerce","2890":"makeup-cosmetic","2857":"online-shopping"},"astra-site-page-builder":"gutenberg","categories":{"2495":"ecommerce"},"required-plugins":[{"slug":"astra-addon","init":"astra-addon\/astra-addon.php","name":"Astra Pro"},{"slug":"ultimate-addons-for-gutenberg","init":"ultimate-addons-for-gutenberg\/ultimate-addons-for-gutenberg.php","name":"Spectra"},{"slug":"variation-swatches-woo","init":"variation-swatches-woo\/variation-swatches-woo.php","name":"Variation Swatches for WooCommerce"},{"slug":"woocommerce","init":"woocommerce\/woocommerce.php","name":"WooCommerce"},{"slug":"checkout-plugins-stripe-woo","init":"checkout-plugins-stripe-woo\/checkout-plugins-stripe-woo.php","name":"Checkout Plugins - Stripe for WooCommerce"}],"post-status":"publish","post-content":"","post-excerpt":"","pages":{"id-85314":{"title":"Home","featured-image-url":"https:\/\/websitedemos.net\/wp-content\/uploads\/2024\/01\/inessa-perfumes-07.jpg","thumbnail-image-url":"https:\/\/websitedemos.net\/wp-content\/uploads\/2024\/01\/inessa-perfumes-07-600x2454.jpg","astra-page-api-url":"https:\/\/websitedemos.net\/inessa-perfumes-07\/wp-json\/wp\/v2\/pages\/90","dynamic-page":"yes","astra-page-url":"\/\/websitedemos.net\/inessa-perfumes-07\/","astra-sites-tag":{"423":"home"},"site-pages-type":"agency-mini","site-pages-page-builder":"gutenberg","site-pages-category":[],"site-pages-parent-category":{"64":"ecommerce"},"required-plugins":[{"slug":"astra-addon","init":"astra-addon\/astra-addon.php","name":"Astra Pro"},{"slug":"ultimate-addons-for-gutenberg","init":"ultimate-addons-for-gutenberg\/ultimate-addons-for-gutenberg.php","name":"Spectra"},{"slug":"variation-swatches-woo","init":"variation-swatches-woo\/variation-swatches-woo.php","name":"Variation Swatches for WooCommerce"},{"slug":"woocommerce","init":"woocommerce\/woocommerce.php","name":"WooCommerce"}]},"id-85312":{"title":"About","featured-image-url":"https:\/\/websitedemos.net\/wp-content\/uploads\/2024\/01\/inessa-perfumes-07-about.jpg","thumbnail-image-url":"https:\/\/websitedemos.net\/wp-content\/uploads\/2024\/01\/inessa-perfumes-07-about-600x2410.jpg","astra-page-api-url":"https:\/\/websitedemos.net\/inessa-perfumes-07\/wp-json\/wp\/v2\/pages\/94","dynamic-page":"no","astra-page-url":"\/\/websitedemos.net\/inessa-perfumes-07\/about\/","astra-sites-tag":{"352":"about"},"site-pages-type":"agency-mini","site-pages-page-builder":"gutenberg","site-pages-category":[],"site-pages-parent-category":{"64":"ecommerce"},"required-plugins":[{"slug":"astra-addon","init":"astra-addon\/astra-addon.php","name":"Astra Pro"},{"slug":"ultimate-addons-for-gutenberg","init":"ultimate-addons-for-gutenberg\/ultimate-addons-for-gutenberg.php","name":"Spectra"}]},"id-85313":{"title":"Contact","featured-image-url":"https:\/\/websitedemos.net\/wp-content\/uploads\/2024\/01\/inessa-perfume-07-contact.jpg","thumbnail-image-url":"https:\/\/websitedemos.net\/wp-content\/uploads\/2024\/01\/inessa-perfume-07-contact-600x878.jpg","astra-page-api-url":"https:\/\/websitedemos.net\/inessa-perfumes-07\/wp-json\/wp\/v2\/pages\/96","dynamic-page":"no","astra-page-url":"\/\/websitedemos.net\/inessa-perfumes-07\/contact\/","astra-sites-tag":{"415":"contact"},"site-pages-type":"agency-mini","site-pages-page-builder":"gutenberg","site-pages-category":[],"site-pages-parent-category":{"64":"ecommerce"},"required-plugins":[{"slug":"astra-addon","init":"astra-addon\/astra-addon.php","name":"Astra Pro"},{"slug":"ultimate-addons-for-gutenberg","init":"ultimate-addons-for-gutenberg\/ultimate-addons-for-gutenberg.php","name":"Spectra"}]}},"related-bb-template":"","related-elementor-template":"","related-gutenberg-template":"","related_ecommerce_template":"","ecommerce_parent_template":""},"id-55310":{"title":"Travel &amp; Tourism","id":55310,"publish-date":1621612162,"featured-image-url":"https:\/\/websitedemos.net\/wp-content\/uploads\/2021\/05\/travel-and-tourism-08.jpg","thumbnail-image-url":"https:\/\/websitedemos.net\/wp-content\/uploads\/2021\/05\/travel-and-tourism-08-600x2616.jpg","fullpage-thumbnail-image-url":"https:\/\/websitedemos.net\/wp-content\/uploads\/2021\/05\/travel-and-tourism-08-400x1744.jpg","astra-site-url":"\/\/websitedemos.net\/travel-and-tourism-08","astra-site-parent-id":2065,"astra-sites-tag":{"2073":"accommodation","2076":"apartments-hostels","1534":"bnb","2078":"business-hotel","2079":"guesthouse","2080":"homestay","350":"hotel","2081":"island-resort","2082":"luxury-hotel","714":"resort","2077":"tour-company","430":"tourism","427":"travel","428":"travel-agency","2075":"travel-services","2083":"urban-bb","2084":"vacation-rental"},"astra-sites-type":"free","astra-site-category":{"27":"business","39":"free"},"astra-sites-template-category":[],"astra-site-page-builder":"gutenberg","categories":{"2498":"hotel-travel"},"required-plugins":[{"slug":"ultimate-addons-for-gutenberg","init":"ultimate-addons-for-gutenberg\/ultimate-addons-for-gutenberg.php","name":"Spectra"},{"slug":"sureforms","init":"sureforms\/sureforms.php","name":"SureForms"}],"post-status":"publish","post-content":"","post-excerpt":"","pages":{"id-55313":{"title":"Home","featured-image-url":"https:\/\/websitedemos.net\/wp-content\/uploads\/2021\/05\/travel-and-tourism-08.jpg","thumbnail-image-url":"https:\/\/websitedemos.net\/wp-content\/uploads\/2021\/05\/travel-and-tourism-08-600x2616.jpg","astra-page-api-url":"https:\/\/websitedemos.net\/travel-and-tourism-08\/wp-json\/wp\/v2\/pages\/8","dynamic-page":"no","astra-page-url":"\/\/websitedemos.net\/travel-and-tourism-08\/","astra-sites-tag":{"423":"home"},"site-pages-type":"free","site-pages-page-builder":"gutenberg","site-pages-category":[],"site-pages-parent-category":{"60":"business","61":"free"},"required-plugins":[{"slug":"ultimate-addons-for-gutenberg","init":"ultimate-addons-for-gutenberg\/ultimate-addons-for-gutenberg.php","name":"Spectra"}]},"id-55314":{"title":"Rooms","featured-image-url":"https:\/\/websitedemos.net\/wp-content\/uploads\/2021\/05\/travel-and-tourism-08-rooms-1.jpg","thumbnail-image-url":"https:\/\/websitedemos.net\/wp-content\/uploads\/2021\/05\/travel-and-tourism-08-rooms-1-600x1709.jpg","astra-page-api-url":"https:\/\/websitedemos.net\/travel-and-tourism-08\/wp-json\/wp\/v2\/pages\/10","dynamic-page":"no","astra-page-url":"\/\/websitedemos.net\/travel-and-tourism-08\/rooms\/","astra-sites-tag":{"2073":"accommodation","715":"rooms"},"site-pages-type":"free","site-pages-page-builder":"gutenberg","site-pages-category":[],"site-pages-parent-category":{"60":"business","61":"free"},"required-plugins":[{"slug":"ultimate-addons-for-gutenberg","init":"ultimate-addons-for-gutenberg\/ultimate-addons-for-gutenberg.php","name":"Spectra"}]},"id-55311":{"title":"Amenities","featured-image-url":"https:\/\/websitedemos.net\/wp-content\/uploads\/2021\/05\/travel-and-tourism-08-amenities-1.jpg","thumbnail-image-url":"https:\/\/websitedemos.net\/wp-content\/uploads\/2021\/05\/travel-and-tourism-08-amenities-1-600x2270.jpg","astra-page-api-url":"https:\/\/websitedemos.net\/travel-and-tourism-08\/wp-json\/wp\/v2\/pages\/12","dynamic-page":"no","astra-page-url":"\/\/websitedemos.net\/travel-and-tourism-08\/amenities\/","astra-sites-tag":{"777":"amenities","1599":"facilities"},"site-pages-type":"free","site-pages-page-builder":"gutenberg","site-pages-category":[],"site-pages-parent-category":{"60":"business","61":"free"},"required-plugins":[{"slug":"ultimate-addons-for-gutenberg","init":"ultimate-addons-for-gutenberg\/ultimate-addons-for-gutenberg.php","name":"Spectra"}]},"id-55312":{"title":"Contact","featured-image-url":"https:\/\/websitedemos.net\/wp-content\/uploads\/2021\/05\/travel-and-tourism-08-contact.jpg","thumbnail-image-url":"https:\/\/websitedemos.net\/wp-content\/uploads\/2021\/05\/travel-and-tourism-08-contact-600x963.jpg","astra-page-api-url":"https:\/\/websitedemos.net\/travel-and-tourism-08\/wp-json\/wp\/v2\/pages\/14","dynamic-page":"no","astra-page-url":"\/\/websitedemos.net\/travel-and-tourism-08\/contact\/","astra-sites-tag":{"415":"contact"},"site-pages-type":"free","site-pages-page-builder":"gutenberg","site-pages-category":[],"site-pages-parent-category":{"60":"business","61":"free"},"required-plugins":[{"slug":"ultimate-addons-for-gutenberg","init":"ultimate-addons-for-gutenberg\/ultimate-addons-for-gutenberg.php","name":"Spectra"},{"slug":"sureforms","init":"sureforms\/sureforms.php","name":"SureForms"}]}},"related-bb-template":"","related-elementor-template":"","related-gutenberg-template":"","related_ecommerce_template":"","ecommerce_parent_template":""},"id-85378":{"title":"Fiona Patisserie","id":85378,"publish-date":1706042687,"featured-image-url":"https:\/\/websitedemos.net\/wp-content\/uploads\/2024\/01\/fiona-patisserie-07.jpg","thumbnail-image-url":"https:\/\/websitedemos.net\/wp-content\/uploads\/2024\/01\/fiona-patisserie-07-600x2734.jpg","fullpage-thumbnail-image-url":"https:\/\/websitedemos.net\/wp-content\/uploads\/2024\/01\/fiona-patisserie-07-400x1823.jpg","astra-site-url":"\/\/websitedemos.net\/fiona-patisserie-07","astra-site-parent-id":3414,"astra-sites-tag":{"758":"bakery","1857":"baking","783":"cake","2987":"delicious","336":"food","2988":"foodie","2984":"foodporn","2983":"pastry","2989":"pastrylove","2982":"patisserie","2986":"sweet","2985":"tisserie"},"astra-sites-type":"agency-mini","astra-site-category":{"36":"other"},"astra-sites-template-category":{"2804":"cafe-bakery","2785":"food","2776":"restaurant"},"astra-site-page-builder":"gutenberg","categories":{"2478":"local-storefronts","2496":"restaurant-food"},"required-plugins":[{"slug":"ultimate-addons-for-gutenberg","init":"ultimate-addons-for-gutenberg\/ultimate-addons-for-gutenberg.php","name":"Spectra"}],"post-status":"publish","post-content":"","post-excerpt":"","pages":{"id-85381":{"title":"Home","featured-image-url":"https:\/\/websitedemos.net\/wp-content\/uploads\/2024\/01\/fiona-patisserie-07.jpg","thumbnail-image-url":"https:\/\/websitedemos.net\/wp-content\/uploads\/2024\/01\/fiona-patisserie-07-600x2734.jpg","astra-page-api-url":"https:\/\/websitedemos.net\/fiona-patisserie-07\/wp-json\/wp\/v2\/pages\/36","dynamic-page":"no","astra-page-url":"\/\/websitedemos.net\/fiona-patisserie-07\/","astra-sites-tag":{"423":"home"},"site-pages-type":"agency-mini","site-pages-page-builder":"gutenberg","site-pages-category":[],"site-pages-parent-category":{"139":"other"},"required-plugins":[{"slug":"ultimate-addons-for-gutenberg","init":"ultimate-addons-for-gutenberg\/ultimate-addons-for-gutenberg.php","name":"Spectra"}]},"id-85379":{"title":"About us","featured-image-url":"https:\/\/websitedemos.net\/wp-content\/uploads\/2024\/01\/fiona-patisserie-07-about-us.jpg","thumbnail-image-url":"https:\/\/websitedemos.net\/wp-content\/uploads\/2024\/01\/fiona-patisserie-07-about-us-600x2574.jpg","astra-page-api-url":"https:\/\/websitedemos.net\/fiona-patisserie-07\/wp-json\/wp\/v2\/pages\/38","dynamic-page":"no","astra-page-url":"\/\/websitedemos.net\/fiona-patisserie-07\/about-us\/","astra-sites-tag":{"352":"about"},"site-pages-type":"agency-mini","site-pages-page-builder":"gutenberg","site-pages-category":[],"site-pages-parent-category":{"139":"other"},"required-plugins":[{"slug":"ultimate-addons-for-gutenberg","init":"ultimate-addons-for-gutenberg\/ultimate-addons-for-gutenberg.php","name":"Spectra"}]},"id-85382":{"title":"Our Menu","featured-image-url":"https:\/\/websitedemos.net\/wp-content\/uploads\/2024\/01\/fiona-patisserie-07-our-menu.jpg","thumbnail-image-url":"https:\/\/websitedemos.net\/wp-content\/uploads\/2024\/01\/fiona-patisserie-07-our-menu-600x1135.jpg","astra-page-api-url":"https:\/\/websitedemos.net\/fiona-patisserie-07\/wp-json\/wp\/v2\/pages\/31","dynamic-page":"no","astra-page-url":"\/\/websitedemos.net\/fiona-patisserie-07\/our-menu\/","astra-sites-tag":{"1578":"our-menu"},"site-pages-type":"agency-mini","site-pages-page-builder":"gutenberg","site-pages-category":[],"site-pages-parent-category":{"139":"other"},"required-plugins":[{"slug":"ultimate-addons-for-gutenberg","init":"ultimate-addons-for-gutenberg\/ultimate-addons-for-gutenberg.php","name":"Spectra"}]},"id-85380":{"title":"Contact","featured-image-url":"https:\/\/websitedemos.net\/wp-content\/uploads\/2024\/01\/fiona-patisserie-07-contact.jpg","thumbnail-image-url":"https:\/\/websitedemos.net\/wp-content\/uploads\/2024\/01\/fiona-patisserie-07-contact-600x999.jpg","astra-page-api-url":"https:\/\/websitedemos.net\/fiona-patisserie-07\/wp-json\/wp\/v2\/pages\/40","dynamic-page":"no","astra-page-url":"\/\/websitedemos.net\/fiona-patisserie-07\/contact\/","astra-sites-tag":{"415":"contact"},"site-pages-type":"agency-mini","site-pages-page-builder":"gutenberg","site-pages-category":[],"site-pages-parent-category":{"139":"other"},"required-plugins":[{"slug":"ultimate-addons-for-gutenberg","init":"ultimate-addons-for-gutenberg\/ultimate-addons-for-gutenberg.php","name":"Spectra"}]}},"related-bb-template":"","related-elementor-template":"","related-gutenberg-template":"","related_ecommerce_template":"","ecommerce_parent_template":""},"id-55436":{"title":"Event Landing Page","id":55436,"publish-date":1621881999,"featured-image-url":"https:\/\/websitedemos.net\/wp-content\/uploads\/2021\/05\/event-08.jpg","thumbnail-image-url":"https:\/\/websitedemos.net\/wp-content\/uploads\/2021\/05\/event-08-600x2182.jpg","fullpage-thumbnail-image-url":"https:\/\/websitedemos.net\/wp-content\/uploads\/2021\/05\/event-08-400x1455.jpg","astra-site-url":"\/\/websitedemos.net\/event-08","astra-site-parent-id":2118,"astra-sites-tag":{"2141":"business-conference","2138":"conference-event","2146":"design-conference","2137":"event-landing","2140":"marketing-event","2145":"meetup","648":"presentation","2142":"product-launch","2139":"seminar","2144":"tech-conference","2143":"webinar-landing-page"},"astra-sites-type":"free","astra-site-category":{"39":"free","36":"other"},"astra-sites-template-category":[],"astra-site-page-builder":"gutenberg","categories":{"2489":"event-invitation"},"required-plugins":[{"slug":"ultimate-addons-for-gutenberg","init":"ultimate-addons-for-gutenberg\/ultimate-addons-for-gutenberg.php","name":"Spectra"}],"post-status":"publish","post-content":"","post-excerpt":"","pages":{"id-55437":{"title":"Landing Page","featured-image-url":"https:\/\/websitedemos.net\/wp-content\/uploads\/2021\/05\/event-08.jpg","thumbnail-image-url":"https:\/\/websitedemos.net\/wp-content\/uploads\/2021\/05\/event-08-600x2182.jpg","astra-page-api-url":"https:\/\/websitedemos.net\/event-08\/wp-json\/wp\/v2\/pages\/6","dynamic-page":"no","astra-page-url":"\/\/websitedemos.net\/event-08\/","astra-sites-tag":{"850":"landing-page","463":"single-page"},"site-pages-type":"free","site-pages-page-builder":"gutenberg","site-pages-category":[],"site-pages-parent-category":{"61":"free","139":"other"},"required-plugins":[{"slug":"ultimate-addons-for-gutenberg","init":"ultimate-addons-for-gutenberg\/ultimate-addons-for-gutenberg.php","name":"Spectra"}]}},"related-bb-template":"","related-elementor-template":"","related-gutenberg-template":"","related_ecommerce_template":"","ecommerce_parent_template":""}}