{"id-87438":{"title":"Water Sports","id":87438,"publish-date":1709053353,"featured-image-url":"https:\/\/websitedemos.net\/wp-content\/uploads\/2024\/02\/water-sport-07.jpg","thumbnail-image-url":"https:\/\/websitedemos.net\/wp-content\/uploads\/2024\/02\/water-sport-07-600x2694.jpg","fullpage-thumbnail-image-url":"https:\/\/websitedemos.net\/wp-content\/uploads\/2024\/02\/water-sport-07-400x1796.jpg","astra-site-url":"\/\/websitedemos.net\/water-sports-07","astra-site-parent-id":3537,"astra-sites-tag":{"544":"adventure","1918":"beach","1917":"beach-sports","1921":"sailing","546":"sports","1919":"summer-sports","1914":"surfing","1920":"vacations","1916":"water","1915":"water-ski","1913":"water-sports"},"astra-sites-type":"agency-mini","astra-site-category":{"27":"business"},"astra-sites-template-category":{"2777":"business","2826":"sports"},"astra-site-page-builder":"gutenberg","categories":{"2498":"hotel-travel"},"required-plugins":[{"slug":"ultimate-addons-for-gutenberg","init":"ultimate-addons-for-gutenberg\/ultimate-addons-for-gutenberg.php","name":"Spectra"}],"post-status":"publish","post-content":"","post-excerpt":"","pages":{"id-87442":{"title":"Home","featured-image-url":"https:\/\/websitedemos.net\/wp-content\/uploads\/2024\/02\/water-sport-07.jpg","thumbnail-image-url":"https:\/\/websitedemos.net\/wp-content\/uploads\/2024\/02\/water-sport-07-600x2694.jpg","astra-page-api-url":"https:\/\/websitedemos.net\/water-sports-07\/wp-json\/wp\/v2\/pages\/1090","dynamic-page":"no","astra-page-url":"\/\/websitedemos.net\/water-sports-07\/","astra-sites-tag":{"423":"home"},"site-pages-type":"agency-mini","site-pages-page-builder":"gutenberg","site-pages-category":[],"site-pages-parent-category":{"60":"business"},"required-plugins":[{"slug":"ultimate-addons-for-gutenberg","init":"ultimate-addons-for-gutenberg\/ultimate-addons-for-gutenberg.php","name":"Spectra"}]},"id-87439":{"title":"About","featured-image-url":"https:\/\/websitedemos.net\/wp-content\/uploads\/2024\/02\/water-sport-07-about.jpg","thumbnail-image-url":"https:\/\/websitedemos.net\/wp-content\/uploads\/2024\/02\/water-sport-07-about-600x1612.jpg","astra-page-api-url":"https:\/\/websitedemos.net\/water-sports-07\/wp-json\/wp\/v2\/pages\/1096","dynamic-page":"no","astra-page-url":"\/\/websitedemos.net\/water-sports-07\/about\/","astra-sites-tag":{"352":"about"},"site-pages-type":"agency-mini","site-pages-page-builder":"gutenberg","site-pages-category":[],"site-pages-parent-category":{"60":"business"},"required-plugins":[{"slug":"ultimate-addons-for-gutenberg","init":"ultimate-addons-for-gutenberg\/ultimate-addons-for-gutenberg.php","name":"Spectra"}]},"id-87440":{"title":"Activities","featured-image-url":"https:\/\/websitedemos.net\/wp-content\/uploads\/2024\/02\/water-sport-07-activity.jpg","thumbnail-image-url":"https:\/\/websitedemos.net\/wp-content\/uploads\/2024\/02\/water-sport-07-activity-600x1824.jpg","astra-page-api-url":"https:\/\/websitedemos.net\/water-sports-07\/wp-json\/wp\/v2\/pages\/1098","dynamic-page":"no","astra-page-url":"\/\/websitedemos.net\/water-sports-07\/activities\/","astra-sites-tag":{"1922":"activities"},"site-pages-type":"agency-mini","site-pages-page-builder":"gutenberg","site-pages-category":[],"site-pages-parent-category":{"60":"business"},"required-plugins":[{"slug":"ultimate-addons-for-gutenberg","init":"ultimate-addons-for-gutenberg\/ultimate-addons-for-gutenberg.php","name":"Spectra"}]},"id-87443":{"title":"Testimonials","featured-image-url":"https:\/\/websitedemos.net\/wp-content\/uploads\/2024\/02\/water-sport-07-testimonials.jpg","thumbnail-image-url":"https:\/\/websitedemos.net\/wp-content\/uploads\/2024\/02\/water-sport-07-testimonials-600x1277.jpg","astra-page-api-url":"https:\/\/websitedemos.net\/water-sports-07\/wp-json\/wp\/v2\/pages\/1100","dynamic-page":"no","astra-page-url":"\/\/websitedemos.net\/water-sports-07\/testimonials\/","astra-sites-tag":{"433":"testimonials"},"site-pages-type":"agency-mini","site-pages-page-builder":"gutenberg","site-pages-category":[],"site-pages-parent-category":{"60":"business"},"required-plugins":[{"slug":"ultimate-addons-for-gutenberg","init":"ultimate-addons-for-gutenberg\/ultimate-addons-for-gutenberg.php","name":"Spectra"}]},"id-87441":{"title":"Contact Us","featured-image-url":"https:\/\/websitedemos.net\/wp-content\/uploads\/2024\/02\/water-sport-07-contact.jpg","thumbnail-image-url":"https:\/\/websitedemos.net\/wp-content\/uploads\/2024\/02\/water-sport-07-contact-600x1041.jpg","astra-page-api-url":"https:\/\/websitedemos.net\/water-sports-07\/wp-json\/wp\/v2\/pages\/1102","dynamic-page":"no","astra-page-url":"\/\/websitedemos.net\/water-sports-07\/contact-us\/","astra-sites-tag":{"415":"contact"},"site-pages-type":"agency-mini","site-pages-page-builder":"gutenberg","site-pages-category":[],"site-pages-parent-category":{"60":"business"},"required-plugins":[{"slug":"ultimate-addons-for-gutenberg","init":"ultimate-addons-for-gutenberg\/ultimate-addons-for-gutenberg.php","name":"Spectra"}]}},"related-bb-template":"","related-elementor-template":"","related-gutenberg-template":"","related_ecommerce_template":"","ecommerce_parent_template":""},"id-94081":{"title":"Faithful Gathering","id":94081,"publish-date":1736427047,"featured-image-url":"https:\/\/websitedemos.net\/wp-content\/uploads\/2025\/01\/faithfulgathering-church-07.jpg","thumbnail-image-url":"https:\/\/websitedemos.net\/wp-content\/uploads\/2025\/01\/faithfulgathering-church-07-600x1591.jpg","fullpage-thumbnail-image-url":"https:\/\/websitedemos.net\/wp-content\/uploads\/2025\/01\/faithfulgathering-church-07-400x1060.jpg","astra-site-url":"\/\/websitedemos.net\/faithfulgathering-church-07","astra-site-parent-id":3650,"astra-sites-tag":{"897":"catholic-church","625":"charity","893":"church","898":"community-church","735":"donate","1844":"premium"},"astra-sites-type":"agency-mini","astra-site-category":{"36":"other"},"astra-sites-template-category":{"2786":"charity-nonprofit","2789":"church","2864":"community","2872":"donation-fundraiser","2784":"event"},"astra-site-page-builder":"gutenberg","categories":{"2492":"non-profit","3429":"premium"},"required-plugins":[{"slug":"astra-addon","init":"astra-addon\/astra-addon.php","name":"Astra Pro"},{"slug":"ultimate-addons-for-gutenberg","init":"ultimate-addons-for-gutenberg\/ultimate-addons-for-gutenberg.php","name":"Spectra"}],"post-status":"publish","post-content":"","post-excerpt":"The Faithful Gathering Church template is ready to welcome everyone","pages":{"id-94082":{"title":"About","featured-image-url":"https:\/\/websitedemos.net\/wp-content\/uploads\/2025\/01\/faithfulgathering-church-07-about.jpg","thumbnail-image-url":"https:\/\/websitedemos.net\/wp-content\/uploads\/2025\/01\/faithfulgathering-church-07-about-600x1662.jpg","astra-page-api-url":"https:\/\/websitedemos.net\/faithfulgathering-church-07\/wp-json\/wp\/v2\/pages\/1398","dynamic-page":"no","astra-page-url":"\/\/websitedemos.net\/faithfulgathering-church-07\/about\/","astra-sites-tag":{"352":"about"},"site-pages-type":"agency-mini","site-pages-page-builder":"gutenberg","site-pages-category":[],"site-pages-parent-category":{"139":"other"},"required-plugins":[{"slug":"astra-addon","init":"astra-addon\/astra-addon.php","name":"Astra Pro"},{"slug":"ultimate-addons-for-gutenberg","init":"ultimate-addons-for-gutenberg\/ultimate-addons-for-gutenberg.php","name":"Spectra"}]},"id-94083":{"title":"Contact","featured-image-url":"https:\/\/websitedemos.net\/wp-content\/uploads\/2025\/01\/faithfulgathering-church-07-contact.jpg","thumbnail-image-url":"https:\/\/websitedemos.net\/wp-content\/uploads\/2025\/01\/faithfulgathering-church-07-contact-600x823.jpg","astra-page-api-url":"https:\/\/websitedemos.net\/faithfulgathering-church-07\/wp-json\/wp\/v2\/pages\/1426","dynamic-page":"no","astra-page-url":"\/\/websitedemos.net\/faithfulgathering-church-07\/contact\/","astra-sites-tag":{"415":"contact"},"site-pages-type":"agency-mini","site-pages-page-builder":"gutenberg","site-pages-category":[],"site-pages-parent-category":{"139":"other"},"required-plugins":""},"id-94084":{"title":"Events","featured-image-url":"https:\/\/websitedemos.net\/wp-content\/uploads\/2025\/01\/faithfulgathering-church-07-event.jpg","thumbnail-image-url":"https:\/\/websitedemos.net\/wp-content\/uploads\/2025\/01\/faithfulgathering-church-07-event-600x769.jpg","astra-page-api-url":"https:\/\/websitedemos.net\/faithfulgathering-church-07\/wp-json\/wp\/v2\/pages\/1403","dynamic-page":"no","astra-page-url":"\/\/websitedemos.net\/faithfulgathering-church-07\/events\/","astra-sites-tag":{"409":"event"},"site-pages-type":"agency-mini","site-pages-page-builder":"gutenberg","site-pages-category":[],"site-pages-parent-category":{"139":"other"},"required-plugins":[{"slug":"astra-addon","init":"astra-addon\/astra-addon.php","name":"Astra Pro"},{"slug":"ultimate-addons-for-gutenberg","init":"ultimate-addons-for-gutenberg\/ultimate-addons-for-gutenberg.php","name":"Spectra"}]},"id-94085":{"title":"Home","featured-image-url":"https:\/\/websitedemos.net\/wp-content\/uploads\/2025\/01\/faithfulgathering-church-07.jpg","thumbnail-image-url":"https:\/\/websitedemos.net\/wp-content\/uploads\/2025\/01\/faithfulgathering-church-07-600x1591.jpg","astra-page-api-url":"https:\/\/websitedemos.net\/faithfulgathering-church-07\/wp-json\/wp\/v2\/pages\/1407","dynamic-page":"no","astra-page-url":"\/\/websitedemos.net\/faithfulgathering-church-07\/","astra-sites-tag":{"423":"home"},"site-pages-type":"agency-mini","site-pages-page-builder":"gutenberg","site-pages-category":[],"site-pages-parent-category":{"139":"other"},"required-plugins":[{"slug":"astra-addon","init":"astra-addon\/astra-addon.php","name":"Astra Pro"},{"slug":"ultimate-addons-for-gutenberg","init":"ultimate-addons-for-gutenberg\/ultimate-addons-for-gutenberg.php","name":"Spectra"}]},"id-94086":{"title":"Services","featured-image-url":"https:\/\/websitedemos.net\/wp-content\/uploads\/2025\/01\/faithfulgathering-church-07-services.jpg","thumbnail-image-url":"https:\/\/websitedemos.net\/wp-content\/uploads\/2025\/01\/faithfulgathering-church-07-services-600x1557.jpg","astra-page-api-url":"https:\/\/websitedemos.net\/faithfulgathering-church-07\/wp-json\/wp\/v2\/pages\/1405","dynamic-page":"no","astra-page-url":"\/\/websitedemos.net\/faithfulgathering-church-07\/services\/","astra-sites-tag":{"2518":"business-services"},"site-pages-type":"agency-mini","site-pages-page-builder":"gutenberg","site-pages-category":[],"site-pages-parent-category":{"139":"other"},"required-plugins":[{"slug":"astra-addon","init":"astra-addon\/astra-addon.php","name":"Astra Pro"},{"slug":"ultimate-addons-for-gutenberg","init":"ultimate-addons-for-gutenberg\/ultimate-addons-for-gutenberg.php","name":"Spectra"}]}},"related-bb-template":"","related-elementor-template":"","related-gutenberg-template":"","related_ecommerce_template":"","ecommerce_parent_template":""},"id-71384":{"title":"Learn Oil Painting","id":71384,"publish-date":1675765696,"featured-image-url":"https:\/\/websitedemos.net\/wp-content\/uploads\/2023\/02\/learn-oil-painting-08.jpg","thumbnail-image-url":"https:\/\/websitedemos.net\/wp-content\/uploads\/2023\/02\/learn-oil-painting-08-600x2033.jpg","fullpage-thumbnail-image-url":"https:\/\/websitedemos.net\/wp-content\/uploads\/2023\/02\/learn-oil-painting-08-400x1355.jpg","astra-site-url":"\/\/websitedemos.net\/learn-oil-painting-08","astra-site-parent-id":3083,"astra-sites-tag":{"462":"courses","467":"learndash","975":"online-learning","720":"tutorials"},"astra-sites-type":"free","astra-site-category":{"27":"business","39":"free"},"astra-sites-template-category":{"2802":"artist","2825":"coaching","2835":"elearning","2880":"membership","2827":"online-course","2770":"personal","2873":"tutor"},"astra-site-page-builder":"gutenberg","categories":{"2494":"elearning"},"required-plugins":[{"slug":"sfwd-lms","init":"sfwd-lms\/sfwd_lms.php","name":"LearnDash LMS"},{"slug":"learndash-course-grid","init":"learndash-course-grid\/learndash_course_grid.php","name":"LearnDash LMS - Course Grid"},{"slug":"ultimate-addons-for-gutenberg","init":"ultimate-addons-for-gutenberg\/ultimate-addons-for-gutenberg.php","name":"Spectra"}],"post-status":"publish","post-content":"","post-excerpt":"","pages":{"id-71388":{"title":"Home","featured-image-url":"https:\/\/websitedemos.net\/wp-content\/uploads\/2023\/02\/learn-oil-painting-08.jpg","thumbnail-image-url":"https:\/\/websitedemos.net\/wp-content\/uploads\/2023\/02\/learn-oil-painting-08-600x2033.jpg","astra-page-api-url":"https:\/\/websitedemos.net\/learn-oil-painting-08\/wp-json\/wp\/v2\/pages\/736","dynamic-page":"no","astra-page-url":"\/\/websitedemos.net\/learn-oil-painting-08\/","astra-sites-tag":{"423":"home"},"site-pages-type":"free","site-pages-page-builder":"gutenberg","site-pages-category":[],"site-pages-parent-category":{"60":"business","61":"free"},"required-plugins":[{"slug":"sfwd-lms","init":"sfwd-lms\/sfwd_lms.php","name":"LearnDash LMS"},{"slug":"learndash-course-grid","init":"learndash-course-grid\/learndash_course_grid.php","name":"LearnDash LMS - Course Grid"},{"slug":"ultimate-addons-for-gutenberg","init":"ultimate-addons-for-gutenberg\/ultimate-addons-for-gutenberg.php","name":"Spectra"}]},"id-71385":{"title":"About","featured-image-url":"https:\/\/websitedemos.net\/wp-content\/uploads\/2023\/02\/learn-oil-painting-08-about.jpg","thumbnail-image-url":"https:\/\/websitedemos.net\/wp-content\/uploads\/2023\/02\/learn-oil-painting-08-about-600x940.jpg","astra-page-api-url":"https:\/\/websitedemos.net\/learn-oil-painting-08\/wp-json\/wp\/v2\/pages\/739","dynamic-page":"no","astra-page-url":"\/\/websitedemos.net\/learn-oil-painting-08\/about\/","astra-sites-tag":{"352":"about"},"site-pages-type":"free","site-pages-page-builder":"gutenberg","site-pages-category":[],"site-pages-parent-category":{"60":"business","61":"free"},"required-plugins":[{"slug":"ultimate-addons-for-gutenberg","init":"ultimate-addons-for-gutenberg\/ultimate-addons-for-gutenberg.php","name":"Spectra"}]},"id-71386":{"title":"Classes","featured-image-url":"https:\/\/websitedemos.net\/wp-content\/uploads\/2023\/02\/learn-oil-painting-08-classes.jpg","thumbnail-image-url":"https:\/\/websitedemos.net\/wp-content\/uploads\/2023\/02\/learn-oil-painting-08-classes-600x1344.jpg","astra-page-api-url":"https:\/\/websitedemos.net\/learn-oil-painting-08\/wp-json\/wp\/v2\/pages\/738","dynamic-page":"no","astra-page-url":"\/\/websitedemos.net\/learn-oil-painting-08\/classes\/","astra-sites-tag":{"557":"classes"},"site-pages-type":"free","site-pages-page-builder":"gutenberg","site-pages-category":[],"site-pages-parent-category":{"60":"business","61":"free"},"required-plugins":[{"slug":"sfwd-lms","init":"sfwd-lms\/sfwd_lms.php","name":"LearnDash LMS"},{"slug":"learndash-course-grid","init":"learndash-course-grid\/learndash_course_grid.php","name":"LearnDash LMS - Course Grid"},{"slug":"ultimate-addons-for-gutenberg","init":"ultimate-addons-for-gutenberg\/ultimate-addons-for-gutenberg.php","name":"Spectra"}]},"id-71387":{"title":"Contact","featured-image-url":"https:\/\/websitedemos.net\/wp-content\/uploads\/2023\/02\/learn-oil-painting-08-contact.jpg","thumbnail-image-url":"https:\/\/websitedemos.net\/wp-content\/uploads\/2023\/02\/learn-oil-painting-08-contact-600x920.jpg","astra-page-api-url":"https:\/\/websitedemos.net\/learn-oil-painting-08\/wp-json\/wp\/v2\/pages\/740","dynamic-page":"no","astra-page-url":"\/\/websitedemos.net\/learn-oil-painting-08\/contact\/","astra-sites-tag":{"415":"contact"},"site-pages-type":"free","site-pages-page-builder":"gutenberg","site-pages-category":[],"site-pages-parent-category":{"60":"business","61":"free"},"required-plugins":[{"slug":"ultimate-addons-for-gutenberg","init":"ultimate-addons-for-gutenberg\/ultimate-addons-for-gutenberg.php","name":"Spectra"}]}},"related-bb-template":"","related-elementor-template":"","related-gutenberg-template":"","related_ecommerce_template":"","ecommerce_parent_template":""},"id-87360":{"title":"Flavio Restaurant","id":87360,"publish-date":1709049690,"featured-image-url":"https:\/\/websitedemos.net\/wp-content\/uploads\/2024\/02\/flavio-restaurant-07.jpg","thumbnail-image-url":"https:\/\/websitedemos.net\/wp-content\/uploads\/2024\/02\/flavio-restaurant-07-600x2430.jpg","fullpage-thumbnail-image-url":"https:\/\/websitedemos.net\/wp-content\/uploads\/2024\/02\/flavio-restaurant-07-400x1620.jpg","astra-site-url":"\/\/websitedemos.net\/flavio-restaurant-07","astra-site-parent-id":3531,"astra-sites-tag":{"3070":"delicious-food-restaurant","561":"eatery","336":"food","2067":"food-and-restaurant","1579":"food-menu","559":"outlet","1844":"premium","335":"restaurant","970":"restro"},"astra-sites-type":"agency-mini","astra-site-category":{"27":"business"},"astra-sites-template-category":{"2777":"business","2785":"food","2876":"food-ordering","2776":"restaurant"},"astra-site-page-builder":"gutenberg","categories":{"2496":"restaurant-food"},"required-plugins":[{"slug":"ultimate-addons-for-gutenberg","init":"ultimate-addons-for-gutenberg\/ultimate-addons-for-gutenberg.php","name":"Spectra"}],"post-status":"publish","post-content":"","post-excerpt":"","pages":{"id-87363":{"title":"Home","featured-image-url":"https:\/\/websitedemos.net\/wp-content\/uploads\/2024\/02\/flavio-restaurant-07.jpg","thumbnail-image-url":"https:\/\/websitedemos.net\/wp-content\/uploads\/2024\/02\/flavio-restaurant-07-600x2430.jpg","astra-page-api-url":"https:\/\/websitedemos.net\/flavio-restaurant-07\/wp-json\/wp\/v2\/pages\/802","dynamic-page":"no","astra-page-url":"\/\/websitedemos.net\/flavio-restaurant-07\/","astra-sites-tag":{"423":"home"},"site-pages-type":"agency-mini","site-pages-page-builder":"gutenberg","site-pages-category":[],"site-pages-parent-category":{"60":"business"},"required-plugins":[{"slug":"ultimate-addons-for-gutenberg","init":"ultimate-addons-for-gutenberg\/ultimate-addons-for-gutenberg.php","name":"Spectra"}]},"id-87364":{"title":"Our Menu","featured-image-url":"https:\/\/websitedemos.net\/wp-content\/uploads\/2024\/02\/flavio-restaurant-07-our-menu.jpg","thumbnail-image-url":"https:\/\/websitedemos.net\/wp-content\/uploads\/2024\/02\/flavio-restaurant-07-our-menu-600x1535.jpg","astra-page-api-url":"https:\/\/websitedemos.net\/flavio-restaurant-07\/wp-json\/wp\/v2\/pages\/803","dynamic-page":"no","astra-page-url":"\/\/websitedemos.net\/flavio-restaurant-07\/our-menu\/","astra-sites-tag":{"1578":"our-menu"},"site-pages-type":"agency-mini","site-pages-page-builder":"gutenberg","site-pages-category":[],"site-pages-parent-category":{"60":"business"},"required-plugins":[{"slug":"ultimate-addons-for-gutenberg","init":"ultimate-addons-for-gutenberg\/ultimate-addons-for-gutenberg.php","name":"Spectra"}]},"id-87362":{"title":"History","featured-image-url":"https:\/\/websitedemos.net\/wp-content\/uploads\/2024\/02\/flavio-restaurant-07-history.jpg","thumbnail-image-url":"https:\/\/websitedemos.net\/wp-content\/uploads\/2024\/02\/flavio-restaurant-07-history-600x2094.jpg","astra-page-api-url":"https:\/\/websitedemos.net\/flavio-restaurant-07\/wp-json\/wp\/v2\/pages\/804","dynamic-page":"no","astra-page-url":"\/\/websitedemos.net\/flavio-restaurant-07\/history\/","astra-sites-tag":{"645":"history"},"site-pages-type":"agency-mini","site-pages-page-builder":"gutenberg","site-pages-category":[],"site-pages-parent-category":{"60":"business"},"required-plugins":[{"slug":"ultimate-addons-for-gutenberg","init":"ultimate-addons-for-gutenberg\/ultimate-addons-for-gutenberg.php","name":"Spectra"}]},"id-87361":{"title":"Contact","featured-image-url":"https:\/\/websitedemos.net\/wp-content\/uploads\/2024\/02\/flavio-restaurant-07-contact.jpg","thumbnail-image-url":"https:\/\/websitedemos.net\/wp-content\/uploads\/2024\/02\/flavio-restaurant-07-contact-600x965.jpg","astra-page-api-url":"https:\/\/websitedemos.net\/flavio-restaurant-07\/wp-json\/wp\/v2\/pages\/805","dynamic-page":"no","astra-page-url":"\/\/websitedemos.net\/flavio-restaurant-07\/contact\/","astra-sites-tag":{"415":"contact"},"site-pages-type":"agency-mini","site-pages-page-builder":"gutenberg","site-pages-category":[],"site-pages-parent-category":{"60":"business"},"required-plugins":[{"slug":"ultimate-addons-for-gutenberg","init":"ultimate-addons-for-gutenberg\/ultimate-addons-for-gutenberg.php","name":"Spectra"}]}},"related-bb-template":"","related-elementor-template":"","related-gutenberg-template":"","related_ecommerce_template":"","ecommerce_parent_template":""},"id-75380":{"title":"Skin Cleanser Store","id":75380,"publish-date":1690986487,"featured-image-url":"https:\/\/websitedemos.net\/wp-content\/uploads\/2023\/08\/skin-cleanser-stores-08.jpg","thumbnail-image-url":"https:\/\/websitedemos.net\/wp-content\/uploads\/2023\/08\/skin-cleanser-stores-08-600x3059.jpg","fullpage-thumbnail-image-url":"https:\/\/websitedemos.net\/wp-content\/uploads\/2023\/08\/skin-cleanser-stores-08-400x2039.jpg","astra-site-url":"\/\/websitedemos.net\/skin-cleanser-stores-08","astra-site-parent-id":3369,"astra-sites-tag":{"2418":"commerce","1017":"e-commerce","496":"ecommerce","1817":"ecommerce-store","2419":"eshopping","2392":"online-beauty-store","2422":"online-market","732":"online-shop","2420":"online-shopping","383":"online-store","2421":"purchases","2417":"reseller","733":"shop","2416":"shopping","2391":"skin-beauty","1127":"skin-care","2380":"skin-cleanser-store","749":"store"},"astra-sites-type":"free","astra-site-category":{"38":"ecommerce","39":"free"},"astra-sites-template-category":{"2790":"beauty-fashion","2777":"business","2769":"ecommerce","2857":"online-shopping"},"astra-site-page-builder":"gutenberg","categories":{"2495":"ecommerce"},"required-plugins":[{"slug":"ultimate-addons-for-gutenberg","init":"ultimate-addons-for-gutenberg\/ultimate-addons-for-gutenberg.php","name":"Spectra"},{"slug":"surecart","init":"surecart\/surecart.php","name":"SureCart"},{"slug":"sureforms","init":"sureforms\/sureforms.php","name":"SureForms"}],"post-status":"publish","post-content":"","post-excerpt":"","pages":{"id-75383":{"title":"Home","featured-image-url":"https:\/\/websitedemos.net\/wp-content\/uploads\/2023\/08\/skin-cleanser-stores-08.jpg","thumbnail-image-url":"https:\/\/websitedemos.net\/wp-content\/uploads\/2023\/08\/skin-cleanser-stores-08-600x3059.jpg","astra-page-api-url":"https:\/\/websitedemos.net\/skin-cleanser-stores-08\/wp-json\/wp\/v2\/pages\/1788","dynamic-page":"yes","astra-page-url":"\/\/websitedemos.net\/skin-cleanser-stores-08\/","astra-sites-tag":{"423":"home"},"site-pages-type":"free","site-pages-page-builder":"gutenberg","site-pages-category":[],"site-pages-parent-category":{"64":"ecommerce","61":"free"},"required-plugins":[{"slug":"ultimate-addons-for-gutenberg","init":"ultimate-addons-for-gutenberg\/ultimate-addons-for-gutenberg.php","name":"Spectra"},{"slug":"surecart","init":"surecart\/surecart.php","name":"SureCart"}]},"id-75381":{"title":"About","featured-image-url":"https:\/\/websitedemos.net\/wp-content\/uploads\/2023\/08\/skin-cleanser-stores-08-about.jpg","thumbnail-image-url":"https:\/\/websitedemos.net\/wp-content\/uploads\/2023\/08\/skin-cleanser-stores-08-about-600x1713.jpg","astra-page-api-url":"https:\/\/websitedemos.net\/skin-cleanser-stores-08\/wp-json\/wp\/v2\/pages\/1789","dynamic-page":"no","astra-page-url":"\/\/websitedemos.net\/skin-cleanser-stores-08\/about\/","astra-sites-tag":{"352":"about"},"site-pages-type":"free","site-pages-page-builder":"gutenberg","site-pages-category":[],"site-pages-parent-category":{"64":"ecommerce","61":"free"},"required-plugins":[{"slug":"ultimate-addons-for-gutenberg","init":"ultimate-addons-for-gutenberg\/ultimate-addons-for-gutenberg.php","name":"Spectra"}]},"id-75511":{"title":"Shop","featured-image-url":"","thumbnail-image-url":"","astra-page-api-url":"https:\/\/websitedemos.net\/skin-cleanser-stores-08\/wp-json\/wp\/v2\/pages\/285","dynamic-page":"no","astra-page-url":"\/\/websitedemos.net\/skin-cleanser-stores-08\/shop\/","astra-sites-tag":[],"site-pages-type":"free","site-pages-page-builder":"gutenberg","site-pages-category":[],"site-pages-parent-category":{"64":"ecommerce","61":"free"},"required-plugins":[{"slug":"surecart","init":"surecart\/surecart.php","name":"SureCart"}]},"id-75509":{"title":"Checkout","featured-image-url":"","thumbnail-image-url":"","astra-page-api-url":"https:\/\/websitedemos.net\/skin-cleanser-stores-08\/wp-json\/wp\/v2\/pages\/282","dynamic-page":"no","astra-page-url":"\/\/websitedemos.net\/skin-cleanser-stores-08\/checkout\/","astra-sites-tag":[],"site-pages-type":"free","site-pages-page-builder":"gutenberg","site-pages-category":[],"site-pages-parent-category":{"64":"ecommerce","61":"free"},"required-plugins":[{"slug":"surecart","init":"surecart\/surecart.php","name":"SureCart"}]},"id-75510":{"title":"Dashboard","featured-image-url":"","thumbnail-image-url":"","astra-page-api-url":"https:\/\/websitedemos.net\/skin-cleanser-stores-08\/wp-json\/wp\/v2\/pages\/283","dynamic-page":"no","astra-page-url":"\/\/websitedemos.net\/skin-cleanser-stores-08\/customer-dashboard\/","astra-sites-tag":[],"site-pages-type":"free","site-pages-page-builder":"gutenberg","site-pages-category":[],"site-pages-parent-category":{"64":"ecommerce","61":"free"},"required-plugins":[{"slug":"surecart","init":"surecart\/surecart.php","name":"SureCart"}]},"id-75382":{"title":"Contact","featured-image-url":"https:\/\/websitedemos.net\/wp-content\/uploads\/2023\/08\/skin-cleanser-stores-08-contact.jpg","thumbnail-image-url":"https:\/\/websitedemos.net\/wp-content\/uploads\/2023\/08\/skin-cleanser-stores-08-contact-600x1309.jpg","astra-page-api-url":"https:\/\/websitedemos.net\/skin-cleanser-stores-08\/wp-json\/wp\/v2\/pages\/1790","dynamic-page":"no","astra-page-url":"\/\/websitedemos.net\/skin-cleanser-stores-08\/contact\/","astra-sites-tag":{"415":"contact"},"site-pages-type":"free","site-pages-page-builder":"gutenberg","site-pages-category":[],"site-pages-parent-category":{"64":"ecommerce","61":"free"},"required-plugins":[{"slug":"ultimate-addons-for-gutenberg","init":"ultimate-addons-for-gutenberg\/ultimate-addons-for-gutenberg.php","name":"Spectra"},{"slug":"sureforms","init":"sureforms\/sureforms.php","name":"SureForms"}]}},"related-bb-template":"","related-elementor-template":"","related-gutenberg-template":"","related_ecommerce_template":71072,"ecommerce_parent_template":""},"id-71072":{"title":"Skin Cleanser Store","id":71072,"publish-date":1672331775,"featured-image-url":"https:\/\/websitedemos.net\/wp-content\/uploads\/2022\/12\/skin-cleanser-store-08.jpg","thumbnail-image-url":"https:\/\/websitedemos.net\/wp-content\/uploads\/2022\/12\/skin-cleanser-store-08-600x3296.jpg","fullpage-thumbnail-image-url":"https:\/\/websitedemos.net\/wp-content\/uploads\/2022\/12\/skin-cleanser-store-08-400x2197.jpg","astra-site-url":"\/\/websitedemos.net\/skin-cleanser-store-08","astra-site-parent-id":3054,"astra-sites-tag":{"2418":"commerce","1017":"e-commerce","496":"ecommerce","1817":"ecommerce-store","2419":"eshopping","2392":"online-beauty-store","2422":"online-market","732":"online-shop","2420":"online-shopping","383":"online-store","2421":"purchases","2417":"reseller","733":"shop","2416":"shopping","2391":"skin-beauty","1127":"skin-care","2380":"skin-cleanser-store","749":"store","1024":"woocommerce"},"astra-sites-type":"free","astra-site-category":{"38":"ecommerce","39":"free"},"astra-sites-template-category":{"2790":"beauty-fashion","2777":"business","2769":"ecommerce","2857":"online-shopping"},"astra-site-page-builder":"gutenberg","categories":{"2495":"ecommerce"},"required-plugins":[{"slug":"checkout-plugins-stripe-woo","init":"checkout-plugins-stripe-woo\/checkout-plugins-stripe-woo.php","name":"Checkout Plugins - Stripe for WooCommerce"},{"slug":"ultimate-addons-for-gutenberg","init":"ultimate-addons-for-gutenberg\/ultimate-addons-for-gutenberg.php","name":"Spectra"},{"slug":"woocommerce","init":"woocommerce\/woocommerce.php","name":"WooCommerce"}],"post-status":"publish","post-content":"","post-excerpt":"","pages":{"id-71075":{"title":"Home","featured-image-url":"https:\/\/websitedemos.net\/wp-content\/uploads\/2022\/12\/skin-cleanser-store-08.jpg","thumbnail-image-url":"https:\/\/websitedemos.net\/wp-content\/uploads\/2022\/12\/skin-cleanser-store-08-600x3296.jpg","astra-page-api-url":"https:\/\/websitedemos.net\/skin-cleanser-store-08\/wp-json\/wp\/v2\/pages\/1113","dynamic-page":"yes","astra-page-url":"\/\/websitedemos.net\/skin-cleanser-store-08\/","astra-sites-tag":{"423":"home"},"site-pages-type":"free","site-pages-page-builder":"gutenberg","site-pages-category":[],"site-pages-parent-category":{"64":"ecommerce","61":"free"},"required-plugins":[{"slug":"checkout-plugins-stripe-woo","init":"checkout-plugins-stripe-woo\/checkout-plugins-stripe-woo.php","name":"Checkout Plugins - Stripe for WooCommerce"},{"slug":"ultimate-addons-for-gutenberg","init":"ultimate-addons-for-gutenberg\/ultimate-addons-for-gutenberg.php","name":"Spectra"},{"slug":"woocommerce","init":"woocommerce\/woocommerce.php","name":"WooCommerce"}]},"id-71073":{"title":"About","featured-image-url":"https:\/\/websitedemos.net\/wp-content\/uploads\/2022\/12\/skin-cleanser-store-08-about.jpg","thumbnail-image-url":"https:\/\/websitedemos.net\/wp-content\/uploads\/2022\/12\/skin-cleanser-store-08-about-600x1723.jpg","astra-page-api-url":"https:\/\/websitedemos.net\/skin-cleanser-store-08\/wp-json\/wp\/v2\/pages\/1116","dynamic-page":"no","astra-page-url":"\/\/websitedemos.net\/skin-cleanser-store-08\/about\/","astra-sites-tag":{"352":"about"},"site-pages-type":"free","site-pages-page-builder":"gutenberg","site-pages-category":[],"site-pages-parent-category":{"64":"ecommerce","61":"free"},"required-plugins":[{"slug":"ultimate-addons-for-gutenberg","init":"ultimate-addons-for-gutenberg\/ultimate-addons-for-gutenberg.php","name":"Spectra"}]},"id-71074":{"title":"Contact","featured-image-url":"https:\/\/websitedemos.net\/wp-content\/uploads\/2022\/12\/skin-cleanser-store-08-contact.jpg","thumbnail-image-url":"https:\/\/websitedemos.net\/wp-content\/uploads\/2022\/12\/skin-cleanser-store-08-contact-600x1291.jpg","astra-page-api-url":"https:\/\/websitedemos.net\/skin-cleanser-store-08\/wp-json\/wp\/v2\/pages\/1118","dynamic-page":"no","astra-page-url":"\/\/websitedemos.net\/skin-cleanser-store-08\/contact\/","astra-sites-tag":{"415":"contact"},"site-pages-type":"free","site-pages-page-builder":"gutenberg","site-pages-category":[],"site-pages-parent-category":{"64":"ecommerce","61":"free"},"required-plugins":[{"slug":"ultimate-addons-for-gutenberg","init":"ultimate-addons-for-gutenberg\/ultimate-addons-for-gutenberg.php","name":"Spectra"}]}},"related-bb-template":"","related-elementor-template":"","related-gutenberg-template":"","related_ecommerce_template":75380,"ecommerce_parent_template":75380},"id-87369":{"title":"Photography Portfolio","id":87369,"publish-date":1709036859,"featured-image-url":"https:\/\/websitedemos.net\/wp-content\/uploads\/2024\/02\/photographer-portfolio-07.jpg","thumbnail-image-url":"https:\/\/websitedemos.net\/wp-content\/uploads\/2024\/02\/photographer-portfolio-07-600x2205.jpg","fullpage-thumbnail-image-url":"https:\/\/websitedemos.net\/wp-content\/uploads\/2024\/02\/photographer-portfolio-07-400x1470.jpg","astra-site-url":"\/\/websitedemos.net\/photographer-portfolio-07","astra-site-parent-id":3532,"astra-sites-tag":{"513":"camera","482":"fashion","515":"lens","510":"modelling","511":"photographer","509":"photography","444":"portfolio","1844":"premium","1022":"professional","514":"videography","512":"wedding-shoot"},"astra-sites-type":"agency-mini","astra-site-category":{"27":"business"},"astra-sites-template-category":{"2790":"beauty-fashion","2770":"personal","2773":"photography","2768":"portfolio"},"astra-site-page-builder":"gutenberg","categories":{"2485":"photography","2488":"portfolio"},"required-plugins":[{"slug":"astra-addon","init":"astra-addon\/astra-addon.php","name":"Astra Pro"},{"slug":"ultimate-addons-for-gutenberg","init":"ultimate-addons-for-gutenberg\/ultimate-addons-for-gutenberg.php","name":"Spectra"}],"post-status":"publish","post-content":"","post-excerpt":"","pages":{"id-87372":{"title":"Home","featured-image-url":"https:\/\/websitedemos.net\/wp-content\/uploads\/2024\/02\/photographer-portfolio-07.jpg","thumbnail-image-url":"https:\/\/websitedemos.net\/wp-content\/uploads\/2024\/02\/photographer-portfolio-07-600x2205.jpg","astra-page-api-url":"https:\/\/websitedemos.net\/photographer-portfolio-07\/wp-json\/wp\/v2\/pages\/434","dynamic-page":"no","astra-page-url":"\/\/websitedemos.net\/photographer-portfolio-07\/","astra-sites-tag":{"423":"home"},"site-pages-type":"agency-mini","site-pages-page-builder":"gutenberg","site-pages-category":[],"site-pages-parent-category":{"60":"business"},"required-plugins":[{"slug":"astra-addon","init":"astra-addon\/astra-addon.php","name":"Astra Pro"},{"slug":"ultimate-addons-for-gutenberg","init":"ultimate-addons-for-gutenberg\/ultimate-addons-for-gutenberg.php","name":"Spectra"}]},"id-87370":{"title":"About","featured-image-url":"https:\/\/websitedemos.net\/wp-content\/uploads\/2024\/02\/photographer-portfolio-07-about.jpg","thumbnail-image-url":"https:\/\/websitedemos.net\/wp-content\/uploads\/2024\/02\/photographer-portfolio-07-about-600x1366.jpg","astra-page-api-url":"https:\/\/websitedemos.net\/photographer-portfolio-07\/wp-json\/wp\/v2\/pages\/435","dynamic-page":"no","astra-page-url":"\/\/websitedemos.net\/photographer-portfolio-07\/about\/","astra-sites-tag":{"352":"about"},"site-pages-type":"agency-mini","site-pages-page-builder":"gutenberg","site-pages-category":[],"site-pages-parent-category":{"60":"business"},"required-plugins":[{"slug":"astra-addon","init":"astra-addon\/astra-addon.php","name":"Astra Pro"},{"slug":"ultimate-addons-for-gutenberg","init":"ultimate-addons-for-gutenberg\/ultimate-addons-for-gutenberg.php","name":"Spectra"}]},"id-87374":{"title":"Services","featured-image-url":"https:\/\/websitedemos.net\/wp-content\/uploads\/2024\/02\/photographer-portfolio-07-services.jpg","thumbnail-image-url":"https:\/\/websitedemos.net\/wp-content\/uploads\/2024\/02\/photographer-portfolio-07-services-600x1370.jpg","astra-page-api-url":"https:\/\/websitedemos.net\/photographer-portfolio-07\/wp-json\/wp\/v2\/pages\/436","dynamic-page":"no","astra-page-url":"\/\/websitedemos.net\/photographer-portfolio-07\/services\/","astra-sites-tag":{"425":"services"},"site-pages-type":"agency-mini","site-pages-page-builder":"gutenberg","site-pages-category":[],"site-pages-parent-category":{"60":"business"},"required-plugins":[{"slug":"astra-addon","init":"astra-addon\/astra-addon.php","name":"Astra Pro"},{"slug":"ultimate-addons-for-gutenberg","init":"ultimate-addons-for-gutenberg\/ultimate-addons-for-gutenberg.php","name":"Spectra"}]},"id-87373":{"title":"Portfolio","featured-image-url":"https:\/\/websitedemos.net\/wp-content\/uploads\/2024\/02\/photographer-portfolio-07-portfolio.jpg","thumbnail-image-url":"https:\/\/websitedemos.net\/wp-content\/uploads\/2024\/02\/photographer-portfolio-07-portfolio-600x1647.jpg","astra-page-api-url":"https:\/\/websitedemos.net\/photographer-portfolio-07\/wp-json\/wp\/v2\/pages\/437","dynamic-page":"no","astra-page-url":"\/\/websitedemos.net\/photographer-portfolio-07\/portfolio\/","astra-sites-tag":{"444":"portfolio"},"site-pages-type":"agency-mini","site-pages-page-builder":"gutenberg","site-pages-category":[],"site-pages-parent-category":{"60":"business"},"required-plugins":[{"slug":"astra-addon","init":"astra-addon\/astra-addon.php","name":"Astra Pro"},{"slug":"ultimate-addons-for-gutenberg","init":"ultimate-addons-for-gutenberg\/ultimate-addons-for-gutenberg.php","name":"Spectra"}]},"id-87371":{"title":"Contact","featured-image-url":"https:\/\/websitedemos.net\/wp-content\/uploads\/2024\/02\/photographer-portfolio-07-contact.jpg","thumbnail-image-url":"https:\/\/websitedemos.net\/wp-content\/uploads\/2024\/02\/photographer-portfolio-07-contact-600x1270.jpg","astra-page-api-url":"https:\/\/websitedemos.net\/photographer-portfolio-07\/wp-json\/wp\/v2\/pages\/438","dynamic-page":"no","astra-page-url":"\/\/websitedemos.net\/photographer-portfolio-07\/contact\/","astra-sites-tag":{"415":"contact"},"site-pages-type":"agency-mini","site-pages-page-builder":"gutenberg","site-pages-category":[],"site-pages-parent-category":{"60":"business"},"required-plugins":[{"slug":"astra-addon","init":"astra-addon\/astra-addon.php","name":"Astra Pro"},{"slug":"ultimate-addons-for-gutenberg","init":"ultimate-addons-for-gutenberg\/ultimate-addons-for-gutenberg.php","name":"Spectra"}]}},"related-bb-template":"","related-elementor-template":"","related-gutenberg-template":"","related_ecommerce_template":"","ecommerce_parent_template":""},"id-87318":{"title":"Gym &#038; Fitness","id":87318,"publish-date":1708970828,"featured-image-url":"https:\/\/websitedemos.net\/wp-content\/uploads\/2024\/02\/fitness-center-07.jpg","thumbnail-image-url":"https:\/\/websitedemos.net\/wp-content\/uploads\/2024\/02\/fitness-center-07-600x2270.jpg","fullpage-thumbnail-image-url":"https:\/\/websitedemos.net\/wp-content\/uploads\/2024\/02\/fitness-center-07-400x1513.jpg","astra-site-url":"\/\/websitedemos.net\/fitness-center-07","astra-site-parent-id":3529,"astra-sites-tag":{"1109":"exercse","499":"fitness","505":"fitness-trainer","506":"functional-training","500":"gym","504":"gym-trainer","503":"trainer","501":"work-out"},"astra-sites-type":"agency-mini","astra-site-category":{"27":"business"},"astra-sites-template-category":{"2787":"gym-fitness","2770":"personal"},"astra-site-page-builder":"gutenberg","categories":[],"required-plugins":[{"slug":"ultimate-addons-for-gutenberg","init":"ultimate-addons-for-gutenberg\/ultimate-addons-for-gutenberg.php","name":"Spectra"}],"post-status":"publish","post-content":"","post-excerpt":"","pages":{"id-87322":{"title":"Home","featured-image-url":"https:\/\/websitedemos.net\/wp-content\/uploads\/2024\/02\/fitness-center-07.jpg","thumbnail-image-url":"https:\/\/websitedemos.net\/wp-content\/uploads\/2024\/02\/fitness-center-07-600x2270.jpg","astra-page-api-url":"https:\/\/websitedemos.net\/fitness-center-07\/wp-json\/wp\/v2\/pages\/566","dynamic-page":"no","astra-page-url":"\/\/websitedemos.net\/fitness-center-07\/","astra-sites-tag":{"423":"home"},"site-pages-type":"agency-mini","site-pages-page-builder":"gutenberg","site-pages-category":[],"site-pages-parent-category":{"60":"business"},"required-plugins":[{"slug":"ultimate-addons-for-gutenberg","init":"ultimate-addons-for-gutenberg\/ultimate-addons-for-gutenberg.php","name":"Spectra"}]},"id-87320":{"title":"Classes","featured-image-url":"https:\/\/websitedemos.net\/wp-content\/uploads\/2024\/02\/fitness-center-07-classes.jpg","thumbnail-image-url":"https:\/\/websitedemos.net\/wp-content\/uploads\/2024\/02\/fitness-center-07-classes-600x2088.jpg","astra-page-api-url":"https:\/\/websitedemos.net\/fitness-center-07\/wp-json\/wp\/v2\/pages\/568","dynamic-page":"no","astra-page-url":"\/\/websitedemos.net\/fitness-center-07\/classes\/","astra-sites-tag":{"557":"classes"},"site-pages-type":"agency-mini","site-pages-page-builder":"gutenberg","site-pages-category":[],"site-pages-parent-category":{"60":"business"},"required-plugins":[{"slug":"ultimate-addons-for-gutenberg","init":"ultimate-addons-for-gutenberg\/ultimate-addons-for-gutenberg.php","name":"Spectra"}]},"id-87319":{"title":"About","featured-image-url":"https:\/\/websitedemos.net\/wp-content\/uploads\/2024\/02\/fitness-center-07-about.jpg","thumbnail-image-url":"https:\/\/websitedemos.net\/wp-content\/uploads\/2024\/02\/fitness-center-07-about-600x1795.jpg","astra-page-api-url":"https:\/\/websitedemos.net\/fitness-center-07\/wp-json\/wp\/v2\/pages\/570","dynamic-page":"no","astra-page-url":"\/\/websitedemos.net\/fitness-center-07\/about\/","astra-sites-tag":{"352":"about"},"site-pages-type":"agency-mini","site-pages-page-builder":"gutenberg","site-pages-category":[],"site-pages-parent-category":{"60":"business"},"required-plugins":[{"slug":"ultimate-addons-for-gutenberg","init":"ultimate-addons-for-gutenberg\/ultimate-addons-for-gutenberg.php","name":"Spectra"}]},"id-87321":{"title":"Contact","featured-image-url":"https:\/\/websitedemos.net\/wp-content\/uploads\/2024\/02\/fitness-center-07-contact.jpg","thumbnail-image-url":"https:\/\/websitedemos.net\/wp-content\/uploads\/2024\/02\/fitness-center-07-contact-600x1492.jpg","astra-page-api-url":"https:\/\/websitedemos.net\/fitness-center-07\/wp-json\/wp\/v2\/pages\/572","dynamic-page":"no","astra-page-url":"\/\/websitedemos.net\/fitness-center-07\/contact\/","astra-sites-tag":{"415":"contact"},"site-pages-type":"agency-mini","site-pages-page-builder":"gutenberg","site-pages-category":[],"site-pages-parent-category":{"60":"business"},"required-plugins":[{"slug":"ultimate-addons-for-gutenberg","init":"ultimate-addons-for-gutenberg\/ultimate-addons-for-gutenberg.php","name":"Spectra"}]}},"related-bb-template":"","related-elementor-template":"","related-gutenberg-template":"","related_ecommerce_template":"","ecommerce_parent_template":""},"id-75400":{"title":"Cycle Shop","id":75400,"publish-date":1690996334,"featured-image-url":"https:\/\/websitedemos.net\/wp-content\/uploads\/2023\/08\/cycle-stores-08.jpg","thumbnail-image-url":"https:\/\/websitedemos.net\/wp-content\/uploads\/2023\/08\/cycle-stores-08-600x3389.jpg","fullpage-thumbnail-image-url":"https:\/\/websitedemos.net\/wp-content\/uploads\/2023\/08\/cycle-stores-08-400x2259.jpg","astra-site-url":"\/\/websitedemos.net\/cycles-shop-08","astra-site-parent-id":3370,"astra-sites-tag":{"880":"cartflows","2418":"commerce","2548":"cycle-shop","1017":"e-commerce","496":"ecommerce","2422":"online-market","732":"online-shop","2420":"online-shopping","383":"online-store","967":"product-store","2421":"purchases","2417":"reseller","733":"shop","2416":"shopping","2549":"sport-cycyle","749":"store","966":"woo-commerce"},"astra-sites-type":"free","astra-site-category":{"38":"ecommerce","39":"free"},"astra-sites-template-category":{"2769":"ecommerce","2857":"online-shopping"},"astra-site-page-builder":"gutenberg","categories":{"2495":"ecommerce"},"required-plugins":[{"slug":"ultimate-addons-for-gutenberg","init":"ultimate-addons-for-gutenberg\/ultimate-addons-for-gutenberg.php","name":"Spectra"},{"slug":"surecart","init":"surecart\/surecart.php","name":"SureCart"}],"post-status":"publish","post-content":"","post-excerpt":"","pages":{"id-75403":{"title":"Home","featured-image-url":"https:\/\/websitedemos.net\/wp-content\/uploads\/2023\/08\/cycle-stores-08.jpg","thumbnail-image-url":"https:\/\/websitedemos.net\/wp-content\/uploads\/2023\/08\/cycle-stores-08-600x3389.jpg","astra-page-api-url":"https:\/\/websitedemos.net\/cycles-shop-08\/wp-json\/wp\/v2\/pages\/1603","dynamic-page":"yes","astra-page-url":"\/\/websitedemos.net\/cycles-shop-08\/","astra-sites-tag":{"423":"home"},"site-pages-type":"free","site-pages-page-builder":"gutenberg","site-pages-category":[],"site-pages-parent-category":{"64":"ecommerce","61":"free"},"required-plugins":[{"slug":"ultimate-addons-for-gutenberg","init":"ultimate-addons-for-gutenberg\/ultimate-addons-for-gutenberg.php","name":"Spectra"},{"slug":"surecart","init":"surecart\/surecart.php","name":"SureCart"}]},"id-75401":{"title":"About Us","featured-image-url":"https:\/\/websitedemos.net\/wp-content\/uploads\/2023\/08\/cycle-stores-08-about.jpg","thumbnail-image-url":"https:\/\/websitedemos.net\/wp-content\/uploads\/2023\/08\/cycle-stores-08-about-600x2314.jpg","astra-page-api-url":"https:\/\/websitedemos.net\/cycles-shop-08\/wp-json\/wp\/v2\/pages\/1606","dynamic-page":"no","astra-page-url":"\/\/websitedemos.net\/cycles-shop-08\/about\/","astra-sites-tag":{"352":"about"},"site-pages-type":"free","site-pages-page-builder":"gutenberg","site-pages-category":[],"site-pages-parent-category":{"64":"ecommerce","61":"free"},"required-plugins":[{"slug":"ultimate-addons-for-gutenberg","init":"ultimate-addons-for-gutenberg\/ultimate-addons-for-gutenberg.php","name":"Spectra"}]},"id-75508":{"title":"Shop","featured-image-url":"","thumbnail-image-url":"","astra-page-api-url":"https:\/\/websitedemos.net\/cycles-shop-08\/wp-json\/wp\/v2\/pages\/1600","dynamic-page":"no","astra-page-url":"\/\/websitedemos.net\/cycles-shop-08\/shop\/","astra-sites-tag":[],"site-pages-type":"free","site-pages-page-builder":"gutenberg","site-pages-category":[],"site-pages-parent-category":{"64":"ecommerce","61":"free"},"required-plugins":[{"slug":"surecart","init":"surecart\/surecart.php","name":"SureCart"}]},"id-75506":{"title":"Checkout","featured-image-url":"","thumbnail-image-url":"","astra-page-api-url":"https:\/\/websitedemos.net\/cycles-shop-08\/wp-json\/wp\/v2\/pages\/1597","dynamic-page":"no","astra-page-url":"\/\/websitedemos.net\/cycles-shop-08\/checkout\/","astra-sites-tag":[],"site-pages-type":"free","site-pages-page-builder":"gutenberg","site-pages-category":[],"site-pages-parent-category":{"64":"ecommerce","61":"free"},"required-plugins":[{"slug":"surecart","init":"surecart\/surecart.php","name":"SureCart"}]},"id-75507":{"title":"Dashboard","featured-image-url":"","thumbnail-image-url":"","astra-page-api-url":"https:\/\/websitedemos.net\/cycles-shop-08\/wp-json\/wp\/v2\/pages\/1598","dynamic-page":"no","astra-page-url":"\/\/websitedemos.net\/cycles-shop-08\/customer-dashboard\/","astra-sites-tag":[],"site-pages-type":"free","site-pages-page-builder":"gutenberg","site-pages-category":[],"site-pages-parent-category":{"64":"ecommerce","61":"free"},"required-plugins":[{"slug":"surecart","init":"surecart\/surecart.php","name":"SureCart"}]},"id-75402":{"title":"Contact","featured-image-url":"https:\/\/websitedemos.net\/wp-content\/uploads\/2023\/08\/cycles-shop-08-contact.jpg","thumbnail-image-url":"https:\/\/websitedemos.net\/wp-content\/uploads\/2023\/08\/cycles-shop-08-contact-600x1070.jpg","astra-page-api-url":"https:\/\/websitedemos.net\/cycles-shop-08\/wp-json\/wp\/v2\/pages\/1608","dynamic-page":"no","astra-page-url":"\/\/websitedemos.net\/cycles-shop-08\/contact\/","astra-sites-tag":{"415":"contact"},"site-pages-type":"free","site-pages-page-builder":"gutenberg","site-pages-category":[],"site-pages-parent-category":{"64":"ecommerce","61":"free"},"required-plugins":[{"slug":"ultimate-addons-for-gutenberg","init":"ultimate-addons-for-gutenberg\/ultimate-addons-for-gutenberg.php","name":"Spectra"}]}},"related-bb-template":"","related-elementor-template":"","related-gutenberg-template":"","related_ecommerce_template":68423,"ecommerce_parent_template":""},"id-68423":{"title":"Cycle Shop","id":68423,"publish-date":1661430112,"featured-image-url":"https:\/\/websitedemos.net\/wp-content\/uploads\/2022\/08\/cycle-shop-08.jpg","thumbnail-image-url":"https:\/\/websitedemos.net\/wp-content\/uploads\/2022\/08\/cycle-shop-08-600x3500.jpg","fullpage-thumbnail-image-url":"https:\/\/websitedemos.net\/wp-content\/uploads\/2022\/08\/cycle-shop-08-400x2333.jpg","astra-site-url":"\/\/websitedemos.net\/cycle-shop-08","astra-site-parent-id":2902,"astra-sites-tag":{"880":"cartflows","2418":"commerce","2548":"cycle-shop","1017":"e-commerce","496":"ecommerce","2422":"online-market","732":"online-shop","2420":"online-shopping","383":"online-store","967":"product-store","2421":"purchases","2417":"reseller","733":"shop","2416":"shopping","2549":"sport-cycyle","749":"store","966":"woo-commerce"},"astra-sites-type":"free","astra-site-category":{"27":"business","39":"free"},"astra-sites-template-category":{"2769":"ecommerce","2857":"online-shopping"},"astra-site-page-builder":"gutenberg","categories":{"2495":"ecommerce"},"required-plugins":[{"slug":"ultimate-addons-for-gutenberg","init":"ultimate-addons-for-gutenberg\/ultimate-addons-for-gutenberg.php","name":"Spectra"},{"slug":"woocommerce","init":"woocommerce\/woocommerce.php","name":"WooCommerce"},{"slug":"checkout-plugins-stripe-woo","init":"checkout-plugins-stripe-woo\/checkout-plugins-stripe-woo.php","name":"Checkout Plugins - Stripe for WooCommerce"},{"slug":"sureforms","init":"sureforms\/sureforms.php","name":"SureForms"}],"post-status":"publish","post-content":"","post-excerpt":"","pages":{"id-59172":{"title":"Home","featured-image-url":"https:\/\/websitedemos.net\/wp-content\/uploads\/2022\/08\/cycle-shop-08.jpg","thumbnail-image-url":"https:\/\/websitedemos.net\/wp-content\/uploads\/2022\/08\/cycle-shop-08-600x3500.jpg","astra-page-api-url":"https:\/\/websitedemos.net\/cycle-shop-08\/wp-json\/wp\/v2\/pages\/1193","dynamic-page":"yes","astra-page-url":"\/\/websitedemos.net\/cycle-shop-08\/","astra-sites-tag":{"423":"home"},"site-pages-type":"free","site-pages-page-builder":"gutenberg","site-pages-category":[],"site-pages-parent-category":{"60":"business","61":"free"},"required-plugins":[{"slug":"ultimate-addons-for-gutenberg","init":"ultimate-addons-for-gutenberg\/ultimate-addons-for-gutenberg.php","name":"Spectra"},{"slug":"woocommerce","init":"woocommerce\/woocommerce.php","name":"WooCommerce"}]},"id-59170":{"title":"About Us","featured-image-url":"https:\/\/websitedemos.net\/wp-content\/uploads\/2022\/08\/cycle-shop-08-about-us.jpg","thumbnail-image-url":"https:\/\/websitedemos.net\/wp-content\/uploads\/2022\/08\/cycle-shop-08-about-us-600x2348.jpg","astra-page-api-url":"https:\/\/websitedemos.net\/cycle-shop-08\/wp-json\/wp\/v2\/pages\/1195","dynamic-page":"no","astra-page-url":"\/\/websitedemos.net\/cycle-shop-08\/about-us\/","astra-sites-tag":{"455":"about-us"},"site-pages-type":"free","site-pages-page-builder":"gutenberg","site-pages-category":[],"site-pages-parent-category":{"60":"business","61":"free"},"required-plugins":[{"slug":"ultimate-addons-for-gutenberg","init":"ultimate-addons-for-gutenberg\/ultimate-addons-for-gutenberg.php","name":"Spectra"}]},"id-59171":{"title":"Contact","featured-image-url":"https:\/\/websitedemos.net\/wp-content\/uploads\/2022\/08\/cycle-shop-08-contact.jpg","thumbnail-image-url":"https:\/\/websitedemos.net\/wp-content\/uploads\/2022\/08\/cycle-shop-08-contact-600x1060.jpg","astra-page-api-url":"https:\/\/websitedemos.net\/cycle-shop-08\/wp-json\/wp\/v2\/pages\/1197","dynamic-page":"no","astra-page-url":"\/\/websitedemos.net\/cycle-shop-08\/contact\/","astra-sites-tag":{"415":"contact"},"site-pages-type":"free","site-pages-page-builder":"gutenberg","site-pages-category":[],"site-pages-parent-category":{"60":"business","61":"free"},"required-plugins":[{"slug":"ultimate-addons-for-gutenberg","init":"ultimate-addons-for-gutenberg\/ultimate-addons-for-gutenberg.php","name":"Spectra"},{"slug":"sureforms","init":"sureforms\/sureforms.php","name":"SureForms"}]}},"related-bb-template":"","related-elementor-template":"","related-gutenberg-template":"","related_ecommerce_template":75400,"ecommerce_parent_template":75400},"id-87310":{"title":"Catering Services","id":87310,"publish-date":1708967596,"featured-image-url":"https:\/\/websitedemos.net\/wp-content\/uploads\/2024\/02\/catering-services-07.jpg","thumbnail-image-url":"https:\/\/websitedemos.net\/wp-content\/uploads\/2024\/02\/catering-services-07-600x2682.jpg","fullpage-thumbnail-image-url":"https:\/\/websitedemos.net\/wp-content\/uploads\/2024\/02\/catering-services-07-400x1788.jpg","astra-site-url":"\/\/websitedemos.net\/catering-services-07","astra-site-parent-id":3528,"astra-sites-tag":{"693":"cafe","1791":"catering-services","1792":"caters","792":"cooking","1798":"dining","409":"event","1789":"feeding","336":"food","1799":"food-festival","1793":"meal-serve","1790":"serving"},"astra-sites-type":"agency-mini","astra-site-category":{"27":"business"},"astra-sites-template-category":{"2855":"catering","2784":"event","2785":"food","2831":"service"},"astra-site-page-builder":"gutenberg","categories":{"2489":"event-invitation"},"required-plugins":[{"slug":"ultimate-addons-for-gutenberg","init":"ultimate-addons-for-gutenberg\/ultimate-addons-for-gutenberg.php","name":"Spectra"}],"post-status":"publish","post-content":"","post-excerpt":"","pages":{"id-87313":{"title":"Home","featured-image-url":"https:\/\/websitedemos.net\/wp-content\/uploads\/2024\/02\/catering-services-07.jpg","thumbnail-image-url":"https:\/\/websitedemos.net\/wp-content\/uploads\/2024\/02\/catering-services-07-600x2682.jpg","astra-page-api-url":"https:\/\/websitedemos.net\/catering-services-07\/wp-json\/wp\/v2\/pages\/401","dynamic-page":"no","astra-page-url":"\/\/websitedemos.net\/catering-services-07\/","astra-sites-tag":{"423":"home"},"site-pages-type":"agency-mini","site-pages-page-builder":"gutenberg","site-pages-category":[],"site-pages-parent-category":{"60":"business"},"required-plugins":[{"slug":"ultimate-addons-for-gutenberg","init":"ultimate-addons-for-gutenberg\/ultimate-addons-for-gutenberg.php","name":"Spectra"}]},"id-87311":{"title":"About Us","featured-image-url":"https:\/\/websitedemos.net\/wp-content\/uploads\/2024\/02\/catering-services-07-about.jpg","thumbnail-image-url":"https:\/\/websitedemos.net\/wp-content\/uploads\/2024\/02\/catering-services-07-about-600x1745.jpg","astra-page-api-url":"https:\/\/websitedemos.net\/catering-services-07\/wp-json\/wp\/v2\/pages\/404","dynamic-page":"no","astra-page-url":"\/\/websitedemos.net\/catering-services-07\/about-us\/","astra-sites-tag":{"352":"about"},"site-pages-type":"agency-mini","site-pages-page-builder":"gutenberg","site-pages-category":[],"site-pages-parent-category":{"60":"business"},"required-plugins":[{"slug":"ultimate-addons-for-gutenberg","init":"ultimate-addons-for-gutenberg\/ultimate-addons-for-gutenberg.php","name":"Spectra"}]},"id-87314":{"title":"Services","featured-image-url":"https:\/\/websitedemos.net\/wp-content\/uploads\/2024\/02\/catering-services-07-services.jpg","thumbnail-image-url":"https:\/\/websitedemos.net\/wp-content\/uploads\/2024\/02\/catering-services-07-services-600x1752.jpg","astra-page-api-url":"https:\/\/websitedemos.net\/catering-services-07\/wp-json\/wp\/v2\/pages\/406","dynamic-page":"no","astra-page-url":"\/\/websitedemos.net\/catering-services-07\/services\/","astra-sites-tag":{"425":"services"},"site-pages-type":"agency-mini","site-pages-page-builder":"gutenberg","site-pages-category":[],"site-pages-parent-category":{"60":"business"},"required-plugins":[{"slug":"ultimate-addons-for-gutenberg","init":"ultimate-addons-for-gutenberg\/ultimate-addons-for-gutenberg.php","name":"Spectra"}]},"id-87315":{"title":"Testimonials","featured-image-url":"https:\/\/websitedemos.net\/wp-content\/uploads\/2024\/02\/catering-services-07-testimonials.jpg","thumbnail-image-url":"https:\/\/websitedemos.net\/wp-content\/uploads\/2024\/02\/catering-services-07-testimonials-600x1118.jpg","astra-page-api-url":"https:\/\/websitedemos.net\/catering-services-07\/wp-json\/wp\/v2\/pages\/408","dynamic-page":"no","astra-page-url":"\/\/websitedemos.net\/catering-services-07\/testimonials\/","astra-sites-tag":{"433":"testimonials"},"site-pages-type":"agency-mini","site-pages-page-builder":"gutenberg","site-pages-category":[],"site-pages-parent-category":{"60":"business"},"required-plugins":[{"slug":"ultimate-addons-for-gutenberg","init":"ultimate-addons-for-gutenberg\/ultimate-addons-for-gutenberg.php","name":"Spectra"}]},"id-87312":{"title":"Contact","featured-image-url":"https:\/\/websitedemos.net\/wp-content\/uploads\/2024\/02\/catering-services-07-contact.jpg","thumbnail-image-url":"https:\/\/websitedemos.net\/wp-content\/uploads\/2024\/02\/catering-services-07-contact-600x1159.jpg","astra-page-api-url":"https:\/\/websitedemos.net\/catering-services-07\/wp-json\/wp\/v2\/pages\/410","dynamic-page":"no","astra-page-url":"\/\/websitedemos.net\/catering-services-07\/contact\/","astra-sites-tag":{"415":"contact"},"site-pages-type":"agency-mini","site-pages-page-builder":"gutenberg","site-pages-category":[],"site-pages-parent-category":{"60":"business"},"required-plugins":[{"slug":"ultimate-addons-for-gutenberg","init":"ultimate-addons-for-gutenberg\/ultimate-addons-for-gutenberg.php","name":"Spectra"}]}},"related-bb-template":"","related-elementor-template":"","related-gutenberg-template":"","related_ecommerce_template":"","ecommerce_parent_template":""},"id-71367":{"title":"Piano Tutor","id":71367,"publish-date":1675763538,"featured-image-url":"https:\/\/websitedemos.net\/wp-content\/uploads\/2023\/02\/piano-tutor-08.jpg","thumbnail-image-url":"https:\/\/websitedemos.net\/wp-content\/uploads\/2023\/02\/piano-tutor-08-600x3262.jpg","fullpage-thumbnail-image-url":"https:\/\/websitedemos.net\/wp-content\/uploads\/2023\/02\/piano-tutor-08-400x2175.jpg","astra-site-url":"\/\/websitedemos.net\/piano-tutor-08","astra-site-parent-id":3082,"astra-sites-tag":{"1786":"forte","407":"music","1782":"piano","1784":"piano-institute","1783":"piano-lessons","1785":"piano-programs","1781":"tutorial"},"astra-sites-type":"free","astra-site-category":{"27":"business","39":"free"},"astra-sites-template-category":{"2772":"education","2781":"music","2873":"tutor"},"astra-site-page-builder":"gutenberg","categories":{"2486":"art-music"},"required-plugins":[{"slug":"ultimate-addons-for-gutenberg","init":"ultimate-addons-for-gutenberg\/ultimate-addons-for-gutenberg.php","name":"Spectra"},{"slug":"sureforms","init":"sureforms\/sureforms.php","name":"SureForms"}],"post-status":"publish","post-content":"","post-excerpt":"","pages":{"id-71370":{"title":"Home","featured-image-url":"https:\/\/websitedemos.net\/wp-content\/uploads\/2023\/02\/piano-tutor-08.jpg","thumbnail-image-url":"https:\/\/websitedemos.net\/wp-content\/uploads\/2023\/02\/piano-tutor-08-600x3262.jpg","astra-page-api-url":"https:\/\/websitedemos.net\/piano-tutor-08\/wp-json\/wp\/v2\/pages\/354","dynamic-page":"no","astra-page-url":"\/\/websitedemos.net\/piano-tutor-08\/","astra-sites-tag":{"423":"home"},"site-pages-type":"free","site-pages-page-builder":"gutenberg","site-pages-category":[],"site-pages-parent-category":{"60":"business","61":"free"},"required-plugins":[{"slug":"ultimate-addons-for-gutenberg","init":"ultimate-addons-for-gutenberg\/ultimate-addons-for-gutenberg.php","name":"Spectra"}]},"id-71368":{"title":"About Us","featured-image-url":"https:\/\/websitedemos.net\/wp-content\/uploads\/2023\/02\/piano-tutor-08-about-us.jpg","thumbnail-image-url":"https:\/\/websitedemos.net\/wp-content\/uploads\/2023\/02\/piano-tutor-08-about-us-600x1815.jpg","astra-page-api-url":"https:\/\/websitedemos.net\/piano-tutor-08\/wp-json\/wp\/v2\/pages\/357","dynamic-page":"no","astra-page-url":"\/\/websitedemos.net\/piano-tutor-08\/about-us\/","astra-sites-tag":{"352":"about"},"site-pages-type":"free","site-pages-page-builder":"gutenberg","site-pages-category":[],"site-pages-parent-category":{"60":"business","61":"free"},"required-plugins":[{"slug":"ultimate-addons-for-gutenberg","init":"ultimate-addons-for-gutenberg\/ultimate-addons-for-gutenberg.php","name":"Spectra"}]},"id-71371":{"title":"Programs","featured-image-url":"https:\/\/websitedemos.net\/wp-content\/uploads\/2023\/02\/piano-tutor-08-programs.jpg","thumbnail-image-url":"https:\/\/websitedemos.net\/wp-content\/uploads\/2023\/02\/piano-tutor-08-programs-600x2509.jpg","astra-page-api-url":"https:\/\/websitedemos.net\/piano-tutor-08\/wp-json\/wp\/v2\/pages\/359","dynamic-page":"no","astra-page-url":"\/\/websitedemos.net\/piano-tutor-08\/programs\/","astra-sites-tag":{"989":"programs"},"site-pages-type":"free","site-pages-page-builder":"gutenberg","site-pages-category":[],"site-pages-parent-category":{"60":"business","61":"free"},"required-plugins":[{"slug":"ultimate-addons-for-gutenberg","init":"ultimate-addons-for-gutenberg\/ultimate-addons-for-gutenberg.php","name":"Spectra"}]},"id-71372":{"title":"Testimonial","featured-image-url":"https:\/\/websitedemos.net\/wp-content\/uploads\/2023\/02\/piano-tutor-08-testimonials.jpg","thumbnail-image-url":"https:\/\/websitedemos.net\/wp-content\/uploads\/2023\/02\/piano-tutor-08-testimonials-600x1712.jpg","astra-page-api-url":"https:\/\/websitedemos.net\/piano-tutor-08\/wp-json\/wp\/v2\/pages\/362","dynamic-page":"no","astra-page-url":"\/\/websitedemos.net\/piano-tutor-08\/testimonial\/","astra-sites-tag":{"433":"testimonials"},"site-pages-type":"free","site-pages-page-builder":"gutenberg","site-pages-category":[],"site-pages-parent-category":{"60":"business","61":"free"},"required-plugins":[{"slug":"ultimate-addons-for-gutenberg","init":"ultimate-addons-for-gutenberg\/ultimate-addons-for-gutenberg.php","name":"Spectra"}]},"id-71369":{"title":"Contact Us","featured-image-url":"https:\/\/websitedemos.net\/wp-content\/uploads\/2023\/02\/piano-tutor-08-contact.jpg","thumbnail-image-url":"https:\/\/websitedemos.net\/wp-content\/uploads\/2023\/02\/piano-tutor-08-contact-600x1249.jpg","astra-page-api-url":"https:\/\/websitedemos.net\/piano-tutor-08\/wp-json\/wp\/v2\/pages\/364","dynamic-page":"no","astra-page-url":"\/\/websitedemos.net\/piano-tutor-08\/contact\/","astra-sites-tag":{"415":"contact"},"site-pages-type":"free","site-pages-page-builder":"gutenberg","site-pages-category":[],"site-pages-parent-category":{"60":"business","61":"free"},"required-plugins":[{"slug":"ultimate-addons-for-gutenberg","init":"ultimate-addons-for-gutenberg\/ultimate-addons-for-gutenberg.php","name":"Spectra"},{"slug":"sureforms","init":"sureforms\/sureforms.php","name":"SureForms"}]}},"related-bb-template":"","related-elementor-template":"","related-gutenberg-template":"","related_ecommerce_template":"","ecommerce_parent_template":""},"id-87249":{"title":"Wedding Planner","id":87249,"publish-date":1708955428,"featured-image-url":"https:\/\/websitedemos.net\/wp-content\/uploads\/2024\/02\/wedding-planner-07.jpg","thumbnail-image-url":"https:\/\/websitedemos.net\/wp-content\/uploads\/2024\/02\/wedding-planner-07-600x3178.jpg","fullpage-thumbnail-image-url":"https:\/\/websitedemos.net\/wp-content\/uploads\/2024\/02\/wedding-planner-07-400x2118.jpg","astra-site-url":"\/\/websitedemos.net\/wedding-planner-07","astra-site-parent-id":3524,"astra-sites-tag":{"717":"event-planner","1844":"premium","697":"wedding","716":"wedding-planner"},"astra-sites-type":"agency-mini","astra-site-category":{"27":"business"},"astra-sites-template-category":{"2784":"event","2831":"service","2792":"wedding"},"astra-site-page-builder":"gutenberg","categories":[],"required-plugins":[{"slug":"ultimate-addons-for-gutenberg","init":"ultimate-addons-for-gutenberg\/ultimate-addons-for-gutenberg.php","name":"Spectra"}],"post-status":"publish","post-content":"","post-excerpt":"","pages":{"id-87253":{"title":"Home","featured-image-url":"https:\/\/websitedemos.net\/wp-content\/uploads\/2024\/02\/wedding-planner-07.jpg","thumbnail-image-url":"https:\/\/websitedemos.net\/wp-content\/uploads\/2024\/02\/wedding-planner-07-600x3178.jpg","astra-page-api-url":"https:\/\/websitedemos.net\/wedding-planner-07\/wp-json\/wp\/v2\/pages\/671","dynamic-page":"no","astra-page-url":"\/\/websitedemos.net\/wedding-planner-07\/","astra-sites-tag":{"423":"home"},"site-pages-type":"agency-mini","site-pages-page-builder":"gutenberg","site-pages-category":[],"site-pages-parent-category":{"60":"business"},"required-plugins":[{"slug":"ultimate-addons-for-gutenberg","init":"ultimate-addons-for-gutenberg\/ultimate-addons-for-gutenberg.php","name":"Spectra"}]},"id-87250":{"title":"About Us","featured-image-url":"https:\/\/websitedemos.net\/wp-content\/uploads\/2024\/02\/wedding-planner-07-about.jpg","thumbnail-image-url":"https:\/\/websitedemos.net\/wp-content\/uploads\/2024\/02\/wedding-planner-07-about-600x2056.jpg","astra-page-api-url":"https:\/\/websitedemos.net\/wedding-planner-07\/wp-json\/wp\/v2\/pages\/672","dynamic-page":"no","astra-page-url":"\/\/websitedemos.net\/wedding-planner-07\/about-us\/","astra-sites-tag":{"352":"about"},"site-pages-type":"agency-mini","site-pages-page-builder":"gutenberg","site-pages-category":[],"site-pages-parent-category":{"60":"business"},"required-plugins":[{"slug":"ultimate-addons-for-gutenberg","init":"ultimate-addons-for-gutenberg\/ultimate-addons-for-gutenberg.php","name":"Spectra"}]},"id-87254":{"title":"Services","featured-image-url":"https:\/\/websitedemos.net\/wp-content\/uploads\/2024\/02\/wedding-planner-07-services.jpg","thumbnail-image-url":"https:\/\/websitedemos.net\/wp-content\/uploads\/2024\/02\/wedding-planner-07-services-600x1471.jpg","astra-page-api-url":"https:\/\/websitedemos.net\/wedding-planner-07\/wp-json\/wp\/v2\/pages\/673","dynamic-page":"no","astra-page-url":"\/\/websitedemos.net\/wedding-planner-07\/services\/","astra-sites-tag":{"425":"services"},"site-pages-type":"agency-mini","site-pages-page-builder":"gutenberg","site-pages-category":[],"site-pages-parent-category":{"60":"business"},"required-plugins":[{"slug":"ultimate-addons-for-gutenberg","init":"ultimate-addons-for-gutenberg\/ultimate-addons-for-gutenberg.php","name":"Spectra"}]},"id-87252":{"title":"Gallery","featured-image-url":"https:\/\/websitedemos.net\/wp-content\/uploads\/2024\/02\/wedding-planner-07-gallery.jpg","thumbnail-image-url":"https:\/\/websitedemos.net\/wp-content\/uploads\/2024\/02\/wedding-planner-07-gallery-600x1530.jpg","astra-page-api-url":"https:\/\/websitedemos.net\/wedding-planner-07\/wp-json\/wp\/v2\/pages\/674","dynamic-page":"no","astra-page-url":"\/\/websitedemos.net\/wedding-planner-07\/gallery\/","astra-sites-tag":{"461":"gallery"},"site-pages-type":"agency-mini","site-pages-page-builder":"gutenberg","site-pages-category":[],"site-pages-parent-category":{"60":"business"},"required-plugins":[{"slug":"ultimate-addons-for-gutenberg","init":"ultimate-addons-for-gutenberg\/ultimate-addons-for-gutenberg.php","name":"Spectra"}]},"id-87255":{"title":"Venues","featured-image-url":"https:\/\/websitedemos.net\/wp-content\/uploads\/2024\/02\/wedding-planner-07-venues.jpg","thumbnail-image-url":"https:\/\/websitedemos.net\/wp-content\/uploads\/2024\/02\/wedding-planner-07-venues-600x1515.jpg","astra-page-api-url":"https:\/\/websitedemos.net\/wedding-planner-07\/wp-json\/wp\/v2\/pages\/675","dynamic-page":"no","astra-page-url":"\/\/websitedemos.net\/wedding-planner-07\/venues\/","astra-sites-tag":{"3527":"venues"},"site-pages-type":"agency-mini","site-pages-page-builder":"gutenberg","site-pages-category":[],"site-pages-parent-category":{"60":"business"},"required-plugins":[{"slug":"ultimate-addons-for-gutenberg","init":"ultimate-addons-for-gutenberg\/ultimate-addons-for-gutenberg.php","name":"Spectra"}]},"id-87251":{"title":"Contact Us","featured-image-url":"https:\/\/websitedemos.net\/wp-content\/uploads\/2024\/02\/wedding-planner-07-contact.jpg","thumbnail-image-url":"https:\/\/websitedemos.net\/wp-content\/uploads\/2024\/02\/wedding-planner-07-contact-600x1535.jpg","astra-page-api-url":"https:\/\/websitedemos.net\/wedding-planner-07\/wp-json\/wp\/v2\/pages\/676","dynamic-page":"no","astra-page-url":"\/\/websitedemos.net\/wedding-planner-07\/contact-us\/","astra-sites-tag":{"415":"contact"},"site-pages-type":"agency-mini","site-pages-page-builder":"gutenberg","site-pages-category":[],"site-pages-parent-category":{"60":"business"},"required-plugins":[{"slug":"ultimate-addons-for-gutenberg","init":"ultimate-addons-for-gutenberg\/ultimate-addons-for-gutenberg.php","name":"Spectra"}]}},"related-bb-template":"","related-elementor-template":"","related-gutenberg-template":"","related_ecommerce_template":"","ecommerce_parent_template":""},"id-71122":{"title":"Marketing Agency","id":71122,"publish-date":1672395349,"featured-image-url":"https:\/\/websitedemos.net\/wp-content\/uploads\/2022\/12\/marketing-agency-08.jpg","thumbnail-image-url":"https:\/\/websitedemos.net\/wp-content\/uploads\/2022\/12\/marketing-agency-08-600x2638.jpg","fullpage-thumbnail-image-url":"https:\/\/websitedemos.net\/wp-content\/uploads\/2022\/12\/marketing-agency-08-400x1758.jpg","astra-site-url":"\/\/websitedemos.net\/marketing-agency-08","astra-site-parent-id":3059,"astra-sites-tag":{"1587":"advertising-agency","2232":"advertising-company","2229":"advertising-firm","663":"agency","979":"company","1588":"marketing-agency","2233":"marketing-company","2228":"marketing-firm","2230":"press-agency","2227":"promotion-firm","2231":"publicity-firm","2234":"publicity-services"},"astra-sites-type":"free","astra-site-category":{"27":"business","39":"free"},"astra-sites-template-category":{"2777":"business","2812":"digital-agency","2796":"digital-marketing","2768":"portfolio"},"astra-site-page-builder":"gutenberg","categories":{"2487":"agency"},"required-plugins":[{"slug":"ultimate-addons-for-gutenberg","init":"ultimate-addons-for-gutenberg\/ultimate-addons-for-gutenberg.php","name":"Spectra"},{"slug":"sureforms","init":"sureforms\/sureforms.php","name":"SureForms"}],"post-status":"publish","post-content":"","post-excerpt":"","pages":{"id-85099":{"title":"Home","featured-image-url":"","thumbnail-image-url":"","astra-page-api-url":"https:\/\/websitedemos.net\/marketing-agency-08\/wp-json\/wp\/v2\/pages\/2","dynamic-page":"no","astra-page-url":"\/\/websitedemos.net\/marketing-agency-08\/","astra-sites-tag":[],"site-pages-type":"free","site-pages-page-builder":"gutenberg","site-pages-category":[],"site-pages-parent-category":{"60":"business","61":"free"},"required-plugins":[{"slug":"ultimate-addons-for-gutenberg","init":"ultimate-addons-for-gutenberg\/ultimate-addons-for-gutenberg.php","name":"Spectra"}]},"id-85096":{"title":"About Us","featured-image-url":"","thumbnail-image-url":"","astra-page-api-url":"https:\/\/websitedemos.net\/marketing-agency-08\/wp-json\/wp\/v2\/pages\/60","dynamic-page":"no","astra-page-url":"\/\/websitedemos.net\/marketing-agency-08\/about-us\/","astra-sites-tag":[],"site-pages-type":"free","site-pages-page-builder":"gutenberg","site-pages-category":[],"site-pages-parent-category":{"60":"business","61":"free"},"required-plugins":[{"slug":"ultimate-addons-for-gutenberg","init":"ultimate-addons-for-gutenberg\/ultimate-addons-for-gutenberg.php","name":"Spectra"}]},"id-85100":{"title":"What We Do","featured-image-url":"","thumbnail-image-url":"","astra-page-api-url":"https:\/\/websitedemos.net\/marketing-agency-08\/wp-json\/wp\/v2\/pages\/58","dynamic-page":"no","astra-page-url":"\/\/websitedemos.net\/marketing-agency-08\/what-we-do\/","astra-sites-tag":[],"site-pages-type":"free","site-pages-page-builder":"gutenberg","site-pages-category":[],"site-pages-parent-category":{"60":"business","61":"free"},"required-plugins":[{"slug":"ultimate-addons-for-gutenberg","init":"ultimate-addons-for-gutenberg\/ultimate-addons-for-gutenberg.php","name":"Spectra"}]},"id-85097":{"title":"Case Studies","featured-image-url":"","thumbnail-image-url":"","astra-page-api-url":"https:\/\/websitedemos.net\/marketing-agency-08\/wp-json\/wp\/v2\/pages\/59","dynamic-page":"no","astra-page-url":"\/\/websitedemos.net\/marketing-agency-08\/case-studies\/","astra-sites-tag":[],"site-pages-type":"free","site-pages-page-builder":"gutenberg","site-pages-category":[],"site-pages-parent-category":{"60":"business","61":"free"},"required-plugins":[{"slug":"ultimate-addons-for-gutenberg","init":"ultimate-addons-for-gutenberg\/ultimate-addons-for-gutenberg.php","name":"Spectra"}]},"id-85098":{"title":"Contact","featured-image-url":"","thumbnail-image-url":"","astra-page-api-url":"https:\/\/websitedemos.net\/marketing-agency-08\/wp-json\/wp\/v2\/pages\/61","dynamic-page":"no","astra-page-url":"\/\/websitedemos.net\/marketing-agency-08\/contact\/","astra-sites-tag":[],"site-pages-type":"free","site-pages-page-builder":"gutenberg","site-pages-category":[],"site-pages-parent-category":{"60":"business","61":"free"},"required-plugins":[{"slug":"ultimate-addons-for-gutenberg","init":"ultimate-addons-for-gutenberg\/ultimate-addons-for-gutenberg.php","name":"Spectra"},{"slug":"sureforms","init":"sureforms\/sureforms.php","name":"SureForms"}]},"id-71126":{"title":"Home","featured-image-url":"https:\/\/websitedemos.net\/wp-content\/uploads\/2022\/12\/marketing-agency-08.jpg","thumbnail-image-url":"https:\/\/websitedemos.net\/wp-content\/uploads\/2022\/12\/marketing-agency-08-600x2638.jpg","astra-page-api-url":"https:\/\/websitedemos.net\/marketing-agency-08\/wp-json\/wp\/v2\/pages\/2","dynamic-page":"no","astra-page-url":"\/\/websitedemos.net\/marketing-agency-08\/","astra-sites-tag":{"423":"home"},"site-pages-type":"free","site-pages-page-builder":"gutenberg","site-pages-category":[],"site-pages-parent-category":{"60":"business","61":"free"},"required-plugins":[{"slug":"ultimate-addons-for-gutenberg","init":"ultimate-addons-for-gutenberg\/ultimate-addons-for-gutenberg.php","name":"Spectra"}]},"id-71123":{"title":"About Us","featured-image-url":"https:\/\/websitedemos.net\/wp-content\/uploads\/2022\/12\/marketing-agency-08-about-us.jpg","thumbnail-image-url":"https:\/\/websitedemos.net\/wp-content\/uploads\/2022\/12\/marketing-agency-08-about-us-600x1450.jpg","astra-page-api-url":"https:\/\/websitedemos.net\/marketing-agency-08\/wp-json\/wp\/v2\/pages\/60","dynamic-page":"no","astra-page-url":"\/\/websitedemos.net\/marketing-agency-08\/about-us\/","astra-sites-tag":{"352":"about"},"site-pages-type":"free","site-pages-page-builder":"gutenberg","site-pages-category":[],"site-pages-parent-category":{"60":"business","61":"free"},"required-plugins":[{"slug":"ultimate-addons-for-gutenberg","init":"ultimate-addons-for-gutenberg\/ultimate-addons-for-gutenberg.php","name":"Spectra"}]},"id-71127":{"title":"What We Do","featured-image-url":"https:\/\/websitedemos.net\/wp-content\/uploads\/2022\/12\/marketing-agency-08-what-we-do.jpg","thumbnail-image-url":"https:\/\/websitedemos.net\/wp-content\/uploads\/2022\/12\/marketing-agency-08-what-we-do-600x1954.jpg","astra-page-api-url":"https:\/\/websitedemos.net\/marketing-agency-08\/wp-json\/wp\/v2\/pages\/58","dynamic-page":"no","astra-page-url":"\/\/websitedemos.net\/marketing-agency-08\/what-we-do\/","astra-sites-tag":{"628":"what-we-do"},"site-pages-type":"free","site-pages-page-builder":"gutenberg","site-pages-category":[],"site-pages-parent-category":{"60":"business","61":"free"},"required-plugins":[{"slug":"ultimate-addons-for-gutenberg","init":"ultimate-addons-for-gutenberg\/ultimate-addons-for-gutenberg.php","name":"Spectra"}]},"id-71124":{"title":"Case Studies","featured-image-url":"https:\/\/websitedemos.net\/wp-content\/uploads\/2022\/12\/marketing-agency-08-case-studies.jpg","thumbnail-image-url":"https:\/\/websitedemos.net\/wp-content\/uploads\/2022\/12\/marketing-agency-08-case-studies-600x1280.jpg","astra-page-api-url":"https:\/\/websitedemos.net\/marketing-agency-08\/wp-json\/wp\/v2\/pages\/59","dynamic-page":"no","astra-page-url":"\/\/websitedemos.net\/marketing-agency-08\/case-studies\/","astra-sites-tag":{"780":"case-studies"},"site-pages-type":"free","site-pages-page-builder":"gutenberg","site-pages-category":[],"site-pages-parent-category":{"60":"business","61":"free"},"required-plugins":[{"slug":"ultimate-addons-for-gutenberg","init":"ultimate-addons-for-gutenberg\/ultimate-addons-for-gutenberg.php","name":"Spectra"}]},"id-71125":{"title":"Contact","featured-image-url":"https:\/\/websitedemos.net\/wp-content\/uploads\/2022\/12\/marketing-agency-08-contact-us.jpg","thumbnail-image-url":"https:\/\/websitedemos.net\/wp-content\/uploads\/2022\/12\/marketing-agency-08-contact-us-600x889.jpg","astra-page-api-url":"https:\/\/websitedemos.net\/marketing-agency-08\/wp-json\/wp\/v2\/pages\/61","dynamic-page":"no","astra-page-url":"\/\/websitedemos.net\/marketing-agency-08\/contact\/","astra-sites-tag":{"415":"contact"},"site-pages-type":"free","site-pages-page-builder":"gutenberg","site-pages-category":[],"site-pages-parent-category":{"60":"business","61":"free"},"required-plugins":[{"slug":"ultimate-addons-for-gutenberg","init":"ultimate-addons-for-gutenberg\/ultimate-addons-for-gutenberg.php","name":"Spectra"},{"slug":"wpforms-lite","init":"wpforms-lite\/wpforms.php","name":"WPForms Lite"}]}},"related-bb-template":"","related-elementor-template":"","related-gutenberg-template":"","related_ecommerce_template":"","ecommerce_parent_template":""},"id-87221":{"title":"Hotel","id":87221,"publish-date":1708891942,"featured-image-url":"https:\/\/websitedemos.net\/wp-content\/uploads\/2024\/02\/hotels-07.jpg","thumbnail-image-url":"https:\/\/websitedemos.net\/wp-content\/uploads\/2024\/02\/hotels-07-600x3234.jpg","fullpage-thumbnail-image-url":"https:\/\/websitedemos.net\/wp-content\/uploads\/2024\/02\/hotels-07-400x2156.jpg","astra-site-url":"\/\/websitedemos.net\/hotel-07","astra-site-parent-id":3523,"astra-sites-tag":{"350":"hotel","712":"lodge","711":"motel","714":"resort"},"astra-sites-type":"agency-mini","astra-site-category":{"27":"business"},"astra-sites-template-category":{"2788":"hotel-bnb","2775":"travel-tourism"},"astra-site-page-builder":"gutenberg","categories":{"2498":"hotel-travel"},"required-plugins":[{"slug":"ultimate-addons-for-gutenberg","init":"ultimate-addons-for-gutenberg\/ultimate-addons-for-gutenberg.php","name":"Spectra"}],"post-status":"publish","post-content":"","post-excerpt":"","pages":{"id-87224":{"title":"Home","featured-image-url":"https:\/\/websitedemos.net\/wp-content\/uploads\/2024\/02\/hotels-07.jpg","thumbnail-image-url":"https:\/\/websitedemos.net\/wp-content\/uploads\/2024\/02\/hotels-07-600x3234.jpg","astra-page-api-url":"https:\/\/websitedemos.net\/hotel-07\/wp-json\/wp\/v2\/pages\/1044","dynamic-page":"no","astra-page-url":"\/\/websitedemos.net\/hotel-07\/","astra-sites-tag":{"423":"home"},"site-pages-type":"agency-mini","site-pages-page-builder":"gutenberg","site-pages-category":[],"site-pages-parent-category":{"60":"business"},"required-plugins":[{"slug":"ultimate-addons-for-gutenberg","init":"ultimate-addons-for-gutenberg\/ultimate-addons-for-gutenberg.php","name":"Spectra"}]},"id-87225":{"title":"Rooms","featured-image-url":"https:\/\/websitedemos.net\/wp-content\/uploads\/2024\/02\/hotels-07-room.jpg","thumbnail-image-url":"https:\/\/websitedemos.net\/wp-content\/uploads\/2024\/02\/hotels-07-room-600x1530.jpg","astra-page-api-url":"https:\/\/websitedemos.net\/hotel-07\/wp-json\/wp\/v2\/pages\/1046","dynamic-page":"no","astra-page-url":"\/\/websitedemos.net\/hotel-07\/rooms\/","astra-sites-tag":{"715":"rooms"},"site-pages-type":"agency-mini","site-pages-page-builder":"gutenberg","site-pages-category":[],"site-pages-parent-category":{"60":"business"},"required-plugins":[{"slug":"ultimate-addons-for-gutenberg","init":"ultimate-addons-for-gutenberg\/ultimate-addons-for-gutenberg.php","name":"Spectra"}]},"id-87226":{"title":"Services","featured-image-url":"https:\/\/websitedemos.net\/wp-content\/uploads\/2024\/02\/hotels-07-services.jpg","thumbnail-image-url":"https:\/\/websitedemos.net\/wp-content\/uploads\/2024\/02\/hotels-07-services-600x1950.jpg","astra-page-api-url":"https:\/\/websitedemos.net\/hotel-07\/wp-json\/wp\/v2\/pages\/1047","dynamic-page":"no","astra-page-url":"\/\/websitedemos.net\/hotel-07\/services\/","astra-sites-tag":{"425":"services"},"site-pages-type":"agency-mini","site-pages-page-builder":"gutenberg","site-pages-category":[],"site-pages-parent-category":{"60":"business"},"required-plugins":[{"slug":"ultimate-addons-for-gutenberg","init":"ultimate-addons-for-gutenberg\/ultimate-addons-for-gutenberg.php","name":"Spectra"}]},"id-87223":{"title":"Gallery","featured-image-url":"https:\/\/websitedemos.net\/wp-content\/uploads\/2024\/02\/hotels-07-gallery.jpg","thumbnail-image-url":"https:\/\/websitedemos.net\/wp-content\/uploads\/2024\/02\/hotels-07-gallery-600x1432.jpg","astra-page-api-url":"https:\/\/websitedemos.net\/hotel-07\/wp-json\/wp\/v2\/pages\/1048","dynamic-page":"no","astra-page-url":"\/\/websitedemos.net\/hotel-07\/gallery\/","astra-sites-tag":{"461":"gallery"},"site-pages-type":"agency-mini","site-pages-page-builder":"gutenberg","site-pages-category":[],"site-pages-parent-category":{"60":"business"},"required-plugins":[{"slug":"ultimate-addons-for-gutenberg","init":"ultimate-addons-for-gutenberg\/ultimate-addons-for-gutenberg.php","name":"Spectra"}]},"id-87227":{"title":"Testimonials","featured-image-url":"https:\/\/websitedemos.net\/wp-content\/uploads\/2024\/02\/hotels-07-testimonials.jpg","thumbnail-image-url":"https:\/\/websitedemos.net\/wp-content\/uploads\/2024\/02\/hotels-07-testimonials-600x1765.jpg","astra-page-api-url":"https:\/\/websitedemos.net\/hotel-07\/wp-json\/wp\/v2\/pages\/1049","dynamic-page":"no","astra-page-url":"\/\/websitedemos.net\/hotel-07\/testimonials\/","astra-sites-tag":{"433":"testimonials"},"site-pages-type":"agency-mini","site-pages-page-builder":"gutenberg","site-pages-category":[],"site-pages-parent-category":{"60":"business"},"required-plugins":[{"slug":"ultimate-addons-for-gutenberg","init":"ultimate-addons-for-gutenberg\/ultimate-addons-for-gutenberg.php","name":"Spectra"}]},"id-87222":{"title":"Contact","featured-image-url":"https:\/\/websitedemos.net\/wp-content\/uploads\/2024\/02\/hotels-07-contact.jpg","thumbnail-image-url":"https:\/\/websitedemos.net\/wp-content\/uploads\/2024\/02\/hotels-07-contact-600x1305.jpg","astra-page-api-url":"https:\/\/websitedemos.net\/hotel-07\/wp-json\/wp\/v2\/pages\/1050","dynamic-page":"no","astra-page-url":"\/\/websitedemos.net\/hotel-07\/contact\/","astra-sites-tag":{"415":"contact"},"site-pages-type":"agency-mini","site-pages-page-builder":"gutenberg","site-pages-category":[],"site-pages-parent-category":{"60":"business"},"required-plugins":[{"slug":"ultimate-addons-for-gutenberg","init":"ultimate-addons-for-gutenberg\/ultimate-addons-for-gutenberg.php","name":"Spectra"}]}},"related-bb-template":"","related-elementor-template":"","related-gutenberg-template":"","related_ecommerce_template":"","ecommerce_parent_template":""}}