{"id-18310":{"title":"Five Days Website","id":18310,"publish-date":1520407757,"featured-image-url":"https:\/\/websitedemos.net\/wp-content\/uploads\/2018\/03\/creative-agency-04-1.jpg","thumbnail-image-url":"https:\/\/websitedemos.net\/wp-content\/uploads\/2018\/03\/creative-agency-04-1.jpg","fullpage-thumbnail-image-url":"https:\/\/websitedemos.net\/wp-content\/uploads\/2018\/03\/creative-agency-04-1.jpg","astra-site-url":"\/\/websitedemos.net\/creative-agency-04","astra-site-parent-id":181,"astra-sites-tag":{"663":"agency","664":"digital-services","665":"service-agency","661":"website"},"astra-sites-type":"agency-mini","astra-site-category":{"27":"business"},"astra-sites-template-category":{"2812":"digital-agency","2831":"service"},"astra-site-page-builder":"elementor","categories":{"2487":"agency","3427":"default","3429":"premium"},"required-plugins":[{"slug":"elementor","init":"elementor\/elementor.php","name":"Elementor"},{"slug":"wpforms-lite","init":"wpforms-lite\/wpforms.php","name":"WPForms Lite"}],"post-status":"publish","post-content":"<!-- wp:paragraph -->\n<p>The Five Days Website template makes its case right away with a bold, informative banner. That is complemented by a corresponding image and use of modern colors to make everything stand out.<\/p>\n<!-- \/wp:paragraph -->\n\n<!-- wp:paragraph -->\n<p>The rest of the template continues that theme with the contrast colors standing out against the whitespace while giving you room to tell your story, share your products and services and communicate with your audience.<\/p>\n<!-- \/wp:paragraph -->\n\n<!-- wp:heading {\"level\":3} -->\n<h3>Key features of the Five Days Website template<\/h3>\n<!-- \/wp:heading -->\n\n<!-- wp:list -->\n<ul><li>Communicate your purpose from the very beginning<\/li><li>Simple, elegant layout with bold colors<\/li><li>Whitespace counters the boldness to achieve balance<\/li><li>Flexible layouts and content areas<\/li><li>Full compatibility with leading page builders<\/li><\/ul>\n<!-- \/wp:list -->","post-excerpt":"Energetic web template for digital agencies with bright colors and instant appeal","pages":{"id-23703":{"title":"Home","featured-image-url":"https:\/\/websitedemos.net\/wp-content\/uploads\/2018\/03\/creative-agency-04-1.jpg","thumbnail-image-url":"https:\/\/websitedemos.net\/wp-content\/uploads\/2018\/03\/creative-agency-04-1.jpg","astra-page-api-url":"https:\/\/websitedemos.net\/creative-agency-04\/wp-json\/wp\/v2\/pages\/7","dynamic-page":"no","astra-page-url":"\/\/websitedemos.net\/creative-agency-04\/","astra-sites-tag":{"423":"home"},"site-pages-type":"agency-mini","site-pages-page-builder":"elementor","site-pages-category":[],"site-pages-parent-category":{"60":"business"},"required-plugins":[{"slug":"elementor","init":"elementor\/elementor.php","name":"Elementor"}]},"id-23705":{"title":"Services","featured-image-url":"https:\/\/websitedemos.net\/wp-content\/uploads\/2019\/07\/id-23705-five-days-website-services-resize.jpg","thumbnail-image-url":"https:\/\/websitedemos.net\/wp-content\/uploads\/2019\/07\/id-23705-five-days-website-services-resize.jpg","astra-page-api-url":"https:\/\/websitedemos.net\/creative-agency-04\/wp-json\/wp\/v2\/pages\/28","dynamic-page":"no","astra-page-url":"\/\/websitedemos.net\/creative-agency-04\/services\/","astra-sites-tag":{"425":"services"},"site-pages-type":"agency-mini","site-pages-page-builder":"elementor","site-pages-category":[],"site-pages-parent-category":{"60":"business"},"required-plugins":[{"slug":"elementor","init":"elementor\/elementor.php","name":"Elementor"}]},"id-23701":{"title":"Case Studies","featured-image-url":"https:\/\/websitedemos.net\/wp-content\/uploads\/2019\/07\/creative-agency-04-case-studies.jpg","thumbnail-image-url":"https:\/\/websitedemos.net\/wp-content\/uploads\/2019\/07\/creative-agency-04-case-studies.jpg","astra-page-api-url":"https:\/\/websitedemos.net\/creative-agency-04\/wp-json\/wp\/v2\/pages\/31","dynamic-page":"no","astra-page-url":"\/\/websitedemos.net\/creative-agency-04\/case-studies\/","astra-sites-tag":{"736":"studies"},"site-pages-type":"agency-mini","site-pages-page-builder":"elementor","site-pages-category":[],"site-pages-parent-category":{"60":"business"},"required-plugins":[{"slug":"elementor","init":"elementor\/elementor.php","name":"Elementor"}]},"id-23707":{"title":"Testimonials","featured-image-url":"https:\/\/websitedemos.net\/wp-content\/uploads\/2019\/07\/creative-agency-04-testimonials.jpg","thumbnail-image-url":"https:\/\/websitedemos.net\/wp-content\/uploads\/2019\/07\/creative-agency-04-testimonials.jpg","astra-page-api-url":"https:\/\/websitedemos.net\/creative-agency-04\/wp-json\/wp\/v2\/pages\/30","dynamic-page":"no","astra-page-url":"\/\/websitedemos.net\/creative-agency-04\/testimonials\/","astra-sites-tag":{"433":"testimonials"},"site-pages-type":"agency-mini","site-pages-page-builder":"elementor","site-pages-category":[],"site-pages-parent-category":{"60":"business"},"required-plugins":[{"slug":"elementor","init":"elementor\/elementor.php","name":"Elementor"}]},"id-23704":{"title":"Prices","featured-image-url":"https:\/\/websitedemos.net\/wp-content\/uploads\/2019\/07\/creative-agency-04-prices.jpg","thumbnail-image-url":"https:\/\/websitedemos.net\/wp-content\/uploads\/2019\/07\/creative-agency-04-prices.jpg","astra-page-api-url":"https:\/\/websitedemos.net\/creative-agency-04\/wp-json\/wp\/v2\/pages\/29","dynamic-page":"no","astra-page-url":"\/\/websitedemos.net\/creative-agency-04\/prices\/","astra-sites-tag":{"585":"pricing"},"site-pages-type":"agency-mini","site-pages-page-builder":"elementor","site-pages-category":[],"site-pages-parent-category":{"60":"business"},"required-plugins":[{"slug":"elementor","init":"elementor\/elementor.php","name":"Elementor"}]},"id-23702":{"title":"Contact","featured-image-url":"https:\/\/websitedemos.net\/wp-content\/uploads\/2019\/07\/creative-agency-04-contact.jpg","thumbnail-image-url":"https:\/\/websitedemos.net\/wp-content\/uploads\/2019\/07\/creative-agency-04-contact.jpg","astra-page-api-url":"https:\/\/websitedemos.net\/creative-agency-04\/wp-json\/wp\/v2\/pages\/32","dynamic-page":"no","astra-page-url":"\/\/websitedemos.net\/creative-agency-04\/contact\/","astra-sites-tag":{"415":"contact"},"site-pages-type":"agency-mini","site-pages-page-builder":"elementor","site-pages-category":[],"site-pages-parent-category":{"60":"business"},"required-plugins":[{"slug":"elementor","init":"elementor\/elementor.php","name":"Elementor"},{"slug":"wpforms-lite","init":"wpforms-lite\/wpforms.php","name":"WPForms Lite"}]}},"related-bb-template":18361,"related-elementor-template":18310,"related-gutenberg-template":93995,"related_ecommerce_template":"","ecommerce_parent_template":""},"id-18306":{"title":"theAgency","id":18306,"publish-date":1520407419,"featured-image-url":"https:\/\/websitedemos.net\/wp-content\/uploads\/2019\/07\/wordpress-agency-04-2.jpg","thumbnail-image-url":"https:\/\/websitedemos.net\/wp-content\/uploads\/2019\/07\/wordpress-agency-04-2.jpg","fullpage-thumbnail-image-url":"https:\/\/websitedemos.net\/wp-content\/uploads\/2019\/07\/wordpress-agency-04-2.jpg","astra-site-url":"\/\/websitedemos.net\/wordpress-agency-04","astra-site-parent-id":141,"astra-sites-tag":{"663":"agency","979":"company","664":"digital-services","3416":"elementor","812":"office","1844":"premium","665":"service-agency","661":"website"},"astra-sites-type":"agency-mini","astra-site-category":{"27":"business"},"astra-sites-template-category":{"2777":"business","2812":"digital-agency","2768":"portfolio","2831":"service"},"astra-site-page-builder":"elementor","categories":{"2487":"agency","3430":"dark","3427":"default","3429":"premium"},"required-plugins":[{"slug":"elementor","init":"elementor\/elementor.php","name":"Elementor"},{"slug":"wpforms-lite","init":"wpforms-lite\/wpforms.php","name":"WPForms Lite"},{"slug":"astra-addon","init":"astra-addon\/astra-addon.php","name":"Astra Pro"}],"post-status":"publish","post-content":"<!-- wp:paragraph -->\n<p>theAgency template is a modern dark theme that reflects the cutting-edge nature of many digital agencies. It uses a simple shaded image to great effect along with sans serif fonts and a green colorway to add interest.<\/p>\n<!-- \/wp:paragraph -->\n\n<!-- wp:paragraph -->\n<p>The rest of the website template uses darkspace and content areas well and provides lots of opportunities to tell your story, share products and services and use imagery to promote your brand. It\u2019s a very composed template!<\/p>\n<!-- \/wp:paragraph -->\n\n<!-- wp:heading -->\n<h2>Key features of the theAgency template<\/h2>\n<!-- \/wp:heading -->\n\n<!-- wp:list -->\n<ul><!-- wp:list-item -->\n<li>Contemporary dark theme with modern appeal<\/li>\n<!-- \/wp:list-item -->\n\n<!-- wp:list-item -->\n<li>Good use of sans serif fonts and color to create atmosphere<\/li>\n<!-- \/wp:list-item -->\n\n<!-- wp:list-item -->\n<li>Flexible layout with lots of content space<\/li>\n<!-- \/wp:list-item -->\n\n<!-- wp:list-item -->\n<li>Imagery can really stand out<\/li>\n<!-- \/wp:list-item -->\n\n<!-- wp:list-item -->\n<li>Full compatibility with leading page builders<\/li>\n<!-- \/wp:list-item --><\/ul>\n<!-- \/wp:list -->","post-excerpt":"Dark, atmospheric design that\u2019s perfect for digital agencies who want to tell their story","pages":{"id-23344":{"title":"Home","featured-image-url":"https:\/\/websitedemos.net\/wp-content\/uploads\/2019\/07\/wordpress-agency-04-2.jpg","thumbnail-image-url":"https:\/\/websitedemos.net\/wp-content\/uploads\/2019\/07\/wordpress-agency-04-2.jpg","astra-page-api-url":"https:\/\/websitedemos.net\/wordpress-agency-04\/wp-json\/wp\/v2\/pages\/6","dynamic-page":"no","astra-page-url":"\/\/websitedemos.net\/wordpress-agency-04\/","astra-sites-tag":{"423":"home"},"site-pages-type":"agency-mini","site-pages-page-builder":"elementor","site-pages-category":[],"site-pages-parent-category":{"60":"business"},"required-plugins":[{"slug":"astra-addon","init":"astra-addon\/astra-addon.php","name":"Astra Pro"},{"slug":"elementor","init":"elementor\/elementor.php","name":"Elementor"}]},"id-23341":{"title":"About","featured-image-url":"https:\/\/websitedemos.net\/wp-content\/uploads\/2019\/07\/wordpress-agency-04-about-1.jpg","thumbnail-image-url":"https:\/\/websitedemos.net\/wp-content\/uploads\/2019\/07\/wordpress-agency-04-about-1.jpg","astra-page-api-url":"https:\/\/websitedemos.net\/wordpress-agency-04\/wp-json\/wp\/v2\/pages\/25","dynamic-page":"no","astra-page-url":"\/\/websitedemos.net\/wordpress-agency-04\/about\/","astra-sites-tag":{"352":"about"},"site-pages-type":"agency-mini","site-pages-page-builder":"elementor","site-pages-category":[],"site-pages-parent-category":{"60":"business"},"required-plugins":[{"slug":"astra-addon","init":"astra-addon\/astra-addon.php","name":"Astra Pro"},{"slug":"elementor","init":"elementor\/elementor.php","name":"Elementor"}]},"id-23346":{"title":"Services","featured-image-url":"https:\/\/websitedemos.net\/wp-content\/uploads\/2019\/07\/wordpress-agency-04-services-1.jpg","thumbnail-image-url":"https:\/\/websitedemos.net\/wp-content\/uploads\/2019\/07\/wordpress-agency-04-services-1.jpg","astra-page-api-url":"https:\/\/websitedemos.net\/wordpress-agency-04\/wp-json\/wp\/v2\/pages\/26","dynamic-page":"no","astra-page-url":"\/\/websitedemos.net\/wordpress-agency-04\/services\/","astra-sites-tag":{"425":"services"},"site-pages-type":"agency-mini","site-pages-page-builder":"elementor","site-pages-category":[],"site-pages-parent-category":{"60":"business"},"required-plugins":[{"slug":"astra-addon","init":"astra-addon\/astra-addon.php","name":"Astra Pro"},{"slug":"elementor","init":"elementor\/elementor.php","name":"Elementor"}]},"id-23345":{"title":"Projects","featured-image-url":"https:\/\/websitedemos.net\/wp-content\/uploads\/2019\/07\/wordpress-agency-04-projects-1.jpg","thumbnail-image-url":"https:\/\/websitedemos.net\/wp-content\/uploads\/2019\/07\/wordpress-agency-04-projects-1.jpg","astra-page-api-url":"https:\/\/websitedemos.net\/wordpress-agency-04\/wp-json\/wp\/v2\/pages\/27","dynamic-page":"no","astra-page-url":"\/\/websitedemos.net\/wordpress-agency-04\/projects\/","astra-sites-tag":{"424":"project"},"site-pages-type":"agency-mini","site-pages-page-builder":"elementor","site-pages-category":[],"site-pages-parent-category":{"60":"business"},"required-plugins":[{"slug":"astra-addon","init":"astra-addon\/astra-addon.php","name":"Astra Pro"},{"slug":"elementor","init":"elementor\/elementor.php","name":"Elementor"}]},"id-23347":{"title":"Testimonials","featured-image-url":"https:\/\/websitedemos.net\/wp-content\/uploads\/2019\/07\/wordpress-agency-04-testimonials-3.jpg","thumbnail-image-url":"https:\/\/websitedemos.net\/wp-content\/uploads\/2019\/07\/wordpress-agency-04-testimonials-3.jpg","astra-page-api-url":"https:\/\/websitedemos.net\/wordpress-agency-04\/wp-json\/wp\/v2\/pages\/28","dynamic-page":"no","astra-page-url":"\/\/websitedemos.net\/wordpress-agency-04\/testimonials\/","astra-sites-tag":{"433":"testimonials"},"site-pages-type":"agency-mini","site-pages-page-builder":"elementor","site-pages-category":[],"site-pages-parent-category":{"60":"business"},"required-plugins":[{"slug":"astra-addon","init":"astra-addon\/astra-addon.php","name":"Astra Pro"},{"slug":"elementor","init":"elementor\/elementor.php","name":"Elementor"}]},"id-23343":{"title":"Contact","featured-image-url":"https:\/\/websitedemos.net\/wp-content\/uploads\/2019\/07\/wordpress-agency-04-contact-1.jpg","thumbnail-image-url":"https:\/\/websitedemos.net\/wp-content\/uploads\/2019\/07\/wordpress-agency-04-contact-1.jpg","astra-page-api-url":"https:\/\/websitedemos.net\/wordpress-agency-04\/wp-json\/wp\/v2\/pages\/29","dynamic-page":"no","astra-page-url":"\/\/websitedemos.net\/wordpress-agency-04\/contact\/","astra-sites-tag":{"415":"contact"},"site-pages-type":"agency-mini","site-pages-page-builder":"elementor","site-pages-category":[],"site-pages-parent-category":{"60":"business"},"required-plugins":[{"slug":"astra-addon","init":"astra-addon\/astra-addon.php","name":"Astra Pro"},{"slug":"elementor","init":"elementor\/elementor.php","name":"Elementor"},{"slug":"wpforms-lite","init":"wpforms-lite\/wpforms.php","name":"WPForms Lite"}]}},"related-bb-template":18363,"related-elementor-template":18306,"related-gutenberg-template":85302,"related_ecommerce_template":"","ecommerce_parent_template":""},"id-18325":{"title":"Conference Event","id":18325,"publish-date":1520407164,"featured-image-url":"https:\/\/websitedemos.net\/wp-content\/uploads\/2018\/03\/conference-event-02-1.jpg","thumbnail-image-url":"https:\/\/websitedemos.net\/wp-content\/uploads\/2018\/03\/conference-event-02-1.jpg","fullpage-thumbnail-image-url":"https:\/\/websitedemos.net\/wp-content\/uploads\/2018\/03\/conference-event-02-1.jpg","astra-site-url":"\/\/websitedemos.net\/conference-event-02","astra-site-parent-id":168,"astra-sites-tag":{"744":"conference","742":"event-website","743":"meeting","399":"one-page","745":"organization","463":"single-page"},"astra-sites-type":"free","astra-site-category":{"27":"business","39":"free"},"astra-sites-template-category":{"2811":"conference","2784":"event","2771":"one-page"},"astra-site-page-builder":"elementor","categories":{"3427":"default","2489":"event-invitation","3428":"free","2927":"one-page"},"required-plugins":[{"slug":"elementor","init":"elementor\/elementor.php","name":"Elementor"}],"post-status":"publish","post-content":"<!-- wp:paragraph -->\n<p>The Conference Event web template uses a minimal scheme with well-chosen fonts to create a professional persona. It utilizes a large image on the homepage to communicate instantly what it\u2019s about to leave little doubt for visitors<\/p>\n<!-- \/wp:paragraph -->\n\n<!-- wp:paragraph -->\n<p>The rest of the template is minimal with flexible content areas, an event schedule section, speaker biography area and supplementary information delegates would need to know along with a booking form and ticketing options.<\/p>\n<!-- \/wp:paragraph -->\n\n<!-- wp:heading -->\n<h2>Key features of the Conference Event template<\/h2>\n<!-- \/wp:heading -->\n\n<!-- wp:list -->\n<ul><li>Creates a professional persona right away<\/li><li>Uses images and fonts to communicate intent immediately<\/li><li>Areas for schedules, speakers and supporting content<\/li><li>Contact and booking form within the design<\/li><li>Full compatibility with leading page builders<\/li><\/ul>\n<!-- \/wp:list -->","post-excerpt":"Accessible, modern template ideal for conferences or event company websites","pages":{"id-23603":{"title":"One Page Website","featured-image-url":"https:\/\/websitedemos.net\/wp-content\/uploads\/2018\/03\/conference-event-02-1.jpg","thumbnail-image-url":"https:\/\/websitedemos.net\/wp-content\/uploads\/2018\/03\/conference-event-02-1.jpg","astra-page-api-url":"https:\/\/websitedemos.net\/conference-event-02\/wp-json\/wp\/v2\/pages\/4","dynamic-page":"no","astra-page-url":"\/\/websitedemos.net\/conference-event-02\/","astra-sites-tag":{"423":"home"},"site-pages-type":"free","site-pages-page-builder":"elementor","site-pages-category":[],"site-pages-parent-category":{"60":"business","61":"free"},"required-plugins":[{"slug":"elementor","init":"elementor\/elementor.php","name":"Elementor"}]}},"related-bb-template":18375,"related-elementor-template":18325,"related-gutenberg-template":93908,"related_ecommerce_template":"","ecommerce_parent_template":""},"id-18284":{"title":"eCourse","id":18284,"publish-date":1519723055,"featured-image-url":"https:\/\/websitedemos.net\/wp-content\/uploads\/2020\/01\/teach-04.jpg","thumbnail-image-url":"https:\/\/websitedemos.net\/wp-content\/uploads\/2020\/01\/teach-04.jpg","fullpage-thumbnail-image-url":"https:\/\/websitedemos.net\/wp-content\/uploads\/2020\/01\/teach-04.jpg","astra-site-url":"\/\/websitedemos.net\/teach-04","astra-site-parent-id":218,"astra-sites-tag":{"468":"elearning","3416":"elementor","719":"online-coaching","975":"online-learning","1844":"premium","721":"training","720":"tutorials"},"astra-sites-type":"agency-mini","astra-site-category":{"27":"business"},"astra-sites-template-category":{"2825":"coaching","2835":"elearning","2880":"membership","2827":"online-course"},"astra-site-page-builder":"elementor","categories":{"3427":"default","2494":"elearning","3429":"premium"},"required-plugins":[{"slug":"elementor","init":"elementor\/elementor.php","name":"Elementor"},{"slug":"ultimate-elementor","init":"ultimate-elementor\/ultimate-elementor.php","name":"Ultimate Addons for Elementor"},{"slug":"wpforms-lite","init":"wpforms-lite\/wpforms.php","name":"WPForms Lite"}],"post-status":"publish","post-content":"<!-- wp:paragraph -->\n<p>The eCourse template uses a pleasant full screen header that\u2019s mainly color and a heading to set the scene. It\u2019s a confidence-inspiring opening that is reflected elsewhere in the template.<\/p>\n<!-- \/wp:paragraph -->\n\n<!-- wp:paragraph -->\n<p>This is an eLearning template and has been configured as such, with course listings, course pages, course samples and a video on the main page. Supporting pages build on the first impression by delivering the information you would expect to see on an eLearning website.<\/p>\n<!-- \/wp:paragraph -->\n\n<!-- wp:heading -->\n<h2>Key features of the eCourse template<\/h2>\n<!-- \/wp:heading -->\n\n<!-- wp:list -->\n<ul><li>Carefully selected colors to inspire confidence<\/li><li>Content-rich homepage ready to instantly engage<\/li><li>Options for video and audio within pages<\/li><li>Well designed supplementary pages<\/li><li>Full compatibility with leading page builders<\/li><\/ul>\n<!-- \/wp:list -->","post-excerpt":"eLearning template that\u2019s ideal for online course websites and LMS","pages":{"id-39985":{"title":"Home","featured-image-url":"https:\/\/websitedemos.net\/wp-content\/uploads\/2020\/01\/teach-04.jpg","thumbnail-image-url":"https:\/\/websitedemos.net\/wp-content\/uploads\/2020\/01\/teach-04.jpg","astra-page-api-url":"https:\/\/websitedemos.net\/teach-04\/wp-json\/wp\/v2\/pages\/9","dynamic-page":"no","astra-page-url":"\/\/websitedemos.net\/teach-04\/","astra-sites-tag":{"423":"home"},"site-pages-type":"agency-mini","site-pages-page-builder":"elementor","site-pages-category":[],"site-pages-parent-category":{"60":"business"},"required-plugins":[{"slug":"elementor","init":"elementor\/elementor.php","name":"Elementor"},{"slug":"ultimate-elementor","init":"ultimate-elementor\/ultimate-elementor.php","name":"Ultimate Addons for Elementor"}]},"id-39983":{"title":"About","featured-image-url":"https:\/\/websitedemos.net\/wp-content\/uploads\/2020\/01\/teach-04-about.jpg","thumbnail-image-url":"https:\/\/websitedemos.net\/wp-content\/uploads\/2020\/01\/teach-04-about.jpg","astra-page-api-url":"https:\/\/websitedemos.net\/teach-04\/wp-json\/wp\/v2\/pages\/50","dynamic-page":"no","astra-page-url":"\/\/websitedemos.net\/teach-04\/about\/","astra-sites-tag":{"352":"about"},"site-pages-type":"agency-mini","site-pages-page-builder":"elementor","site-pages-category":[],"site-pages-parent-category":{"60":"business"},"required-plugins":[{"slug":"elementor","init":"elementor\/elementor.php","name":"Elementor"},{"slug":"ultimate-elementor","init":"ultimate-elementor\/ultimate-elementor.php","name":"Ultimate Addons for Elementor"}]},"id-39986":{"title":"Lessons","featured-image-url":"https:\/\/websitedemos.net\/wp-content\/uploads\/2020\/01\/teach-04-lessons.jpg","thumbnail-image-url":"https:\/\/websitedemos.net\/wp-content\/uploads\/2020\/01\/teach-04-lessons.jpg","astra-page-api-url":"https:\/\/websitedemos.net\/teach-04\/wp-json\/wp\/v2\/pages\/81","dynamic-page":"no","astra-page-url":"\/\/websitedemos.net\/teach-04\/lessons\/","astra-sites-tag":{"747":"lessons"},"site-pages-type":"agency-mini","site-pages-page-builder":"elementor","site-pages-category":[],"site-pages-parent-category":{"60":"business"},"required-plugins":[{"slug":"elementor","init":"elementor\/elementor.php","name":"Elementor"},{"slug":"ultimate-elementor","init":"ultimate-elementor\/ultimate-elementor.php","name":"Ultimate Addons for Elementor"}]},"id-39987":{"title":"Testimonials","featured-image-url":"https:\/\/websitedemos.net\/wp-content\/uploads\/2020\/01\/teach-04-testimonials.jpg","thumbnail-image-url":"https:\/\/websitedemos.net\/wp-content\/uploads\/2020\/01\/teach-04-testimonials.jpg","astra-page-api-url":"https:\/\/websitedemos.net\/teach-04\/wp-json\/wp\/v2\/pages\/53","dynamic-page":"no","astra-page-url":"\/\/websitedemos.net\/teach-04\/testimonials\/","astra-sites-tag":{"433":"testimonials"},"site-pages-type":"agency-mini","site-pages-page-builder":"elementor","site-pages-category":[],"site-pages-parent-category":{"60":"business"},"required-plugins":[{"slug":"elementor","init":"elementor\/elementor.php","name":"Elementor"},{"slug":"ultimate-elementor","init":"ultimate-elementor\/ultimate-elementor.php","name":"Ultimate Addons for Elementor"}]},"id-39984":{"title":"Contact","featured-image-url":"https:\/\/websitedemos.net\/wp-content\/uploads\/2020\/01\/teach-04-contact.jpg","thumbnail-image-url":"https:\/\/websitedemos.net\/wp-content\/uploads\/2020\/01\/teach-04-contact.jpg","astra-page-api-url":"https:\/\/websitedemos.net\/teach-04\/wp-json\/wp\/v2\/pages\/55","dynamic-page":"no","astra-page-url":"\/\/websitedemos.net\/teach-04\/contact\/","astra-sites-tag":{"415":"contact"},"site-pages-type":"agency-mini","site-pages-page-builder":"elementor","site-pages-category":[],"site-pages-parent-category":{"60":"business"},"required-plugins":[{"slug":"elementor","init":"elementor\/elementor.php","name":"Elementor"},{"slug":"ultimate-elementor","init":"ultimate-elementor\/ultimate-elementor.php","name":"Ultimate Addons for Elementor"},{"slug":"wpforms-lite","init":"wpforms-lite\/wpforms.php","name":"WPForms Lite"}]}},"related-bb-template":18388,"related-elementor-template":59004,"related-gutenberg-template":"","related_ecommerce_template":"","ecommerce_parent_template":""},"id-18265":{"title":"Coach","id":18265,"publish-date":1518672171,"featured-image-url":"https:\/\/websitedemos.net\/wp-content\/uploads\/2019\/07\/coach-02.jpg","thumbnail-image-url":"https:\/\/websitedemos.net\/wp-content\/uploads\/2019\/07\/coach-02.jpg","fullpage-thumbnail-image-url":"https:\/\/websitedemos.net\/wp-content\/uploads\/2019\/07\/coach-02.jpg","astra-site-url":"\/\/websitedemos.net\/coach-02","astra-site-parent-id":220,"astra-sites-tag":{"610":"coaching","3416":"elementor","608":"guidance","612":"life-coach","609":"motivator","1020":"personal","611":"self-improvement"},"astra-sites-type":"free","astra-site-category":{"27":"business","39":"free"},"astra-sites-template-category":{"2825":"coaching","2835":"elearning","2770":"personal"},"astra-site-page-builder":"elementor","categories":{"3427":"default","2483":"expert-services","3428":"free"},"required-plugins":[{"slug":"elementor","init":"elementor\/elementor.php","name":"Elementor"},{"slug":"wpforms-lite","init":"wpforms-lite\/wpforms.php","name":"WPForms Lite"}],"post-status":"publish","post-content":"<!-- wp:paragraph -->\n<p>The Coach template uses a reassuring blue color known to give confidence. That\u2019s a great choice for a coach, trainer or instructor but can be changed to fit your brand with ease.<\/p>\n<!-- \/wp:paragraph -->\n\n<!-- wp:paragraph -->\n<p>The web template uses a standard business layout with a strong hero section and call to action before opening out into service sections, testimonials and a biography section. You can easily add or remove elements with ease and design every page to fit your own.<\/p>\n<!-- \/wp:paragraph -->\n\n<!-- wp:heading {\"UAGDay\":[]} -->\n<h2 class=\"wp-block-heading\">Key features of the Coach template<\/h2>\n<!-- \/wp:heading -->\n\n<!-- wp:list -->\n<ul><!-- wp:list-item -->\n<li>Inspires confidence as soon as it loads<\/li>\n<!-- \/wp:list-item -->\n\n<!-- wp:list-item -->\n<li>Includes all page sections you would expect from a business website<\/li>\n<!-- \/wp:list-item -->\n\n<!-- wp:list-item -->\n<li>Good use of complementary colors throughout<\/li>\n<!-- \/wp:list-item -->\n\n<!-- wp:list-item -->\n<li>Full range of pages you\u2019ll likely need<\/li>\n<!-- \/wp:list-item -->\n\n<!-- wp:list-item -->\n<li>Full compatibility with leading page builders<\/li>\n<!-- \/wp:list-item --><\/ul>\n<!-- \/wp:list -->","post-excerpt":"Confidence-inspiring template with bright colors and strong professional design","pages":{"id-24381":{"title":"Home","featured-image-url":"https:\/\/websitedemos.net\/wp-content\/uploads\/2019\/07\/coach-02.jpg","thumbnail-image-url":"https:\/\/websitedemos.net\/wp-content\/uploads\/2019\/07\/coach-02.jpg","astra-page-api-url":"https:\/\/websitedemos.net\/coach-02\/wp-json\/wp\/v2\/pages\/7","dynamic-page":"no","astra-page-url":"\/\/websitedemos.net\/coach-02\/","astra-sites-tag":{"423":"home"},"site-pages-type":"free","site-pages-page-builder":"elementor","site-pages-category":[],"site-pages-parent-category":{"60":"business","61":"free"},"required-plugins":[{"slug":"elementor","init":"elementor\/elementor.php","name":"Elementor"}]},"id-24376":{"title":"About","featured-image-url":"https:\/\/websitedemos.net\/wp-content\/uploads\/2019\/07\/coach-02-about.jpg","thumbnail-image-url":"https:\/\/websitedemos.net\/wp-content\/uploads\/2019\/07\/coach-02-about.jpg","astra-page-api-url":"https:\/\/websitedemos.net\/coach-02\/wp-json\/wp\/v2\/pages\/20","dynamic-page":"no","astra-page-url":"\/\/websitedemos.net\/coach-02\/about\/","astra-sites-tag":{"352":"about"},"site-pages-type":"free","site-pages-page-builder":"elementor","site-pages-category":[],"site-pages-parent-category":{"60":"business","61":"free"},"required-plugins":[{"slug":"elementor","init":"elementor\/elementor.php","name":"Elementor"}]},"id-24380":{"title":"e-Books","featured-image-url":"https:\/\/websitedemos.net\/wp-content\/uploads\/2019\/07\/coach-02-e-books.jpg","thumbnail-image-url":"https:\/\/websitedemos.net\/wp-content\/uploads\/2019\/07\/coach-02-e-books.jpg","astra-page-api-url":"https:\/\/websitedemos.net\/coach-02\/wp-json\/wp\/v2\/pages\/21","dynamic-page":"no","astra-page-url":"\/\/websitedemos.net\/coach-02\/e-books\/","astra-sites-tag":{"727":"book","748":"ebook"},"site-pages-type":"free","site-pages-page-builder":"elementor","site-pages-category":[],"site-pages-parent-category":{"60":"business","61":"free"},"required-plugins":[{"slug":"elementor","init":"elementor\/elementor.php","name":"Elementor"}]},"id-24379":{"title":"Courses","featured-image-url":"https:\/\/websitedemos.net\/wp-content\/uploads\/2019\/07\/coach-02-courses.jpg","thumbnail-image-url":"https:\/\/websitedemos.net\/wp-content\/uploads\/2019\/07\/coach-02-courses.jpg","astra-page-api-url":"https:\/\/websitedemos.net\/coach-02\/wp-json\/wp\/v2\/pages\/22","dynamic-page":"no","astra-page-url":"\/\/websitedemos.net\/coach-02\/courses\/","astra-sites-tag":{"462":"courses"},"site-pages-type":"free","site-pages-page-builder":"elementor","site-pages-category":[],"site-pages-parent-category":{"60":"business","61":"free"},"required-plugins":[{"slug":"elementor","init":"elementor\/elementor.php","name":"Elementor"}]},"id-24378":{"title":"Contact","featured-image-url":"https:\/\/websitedemos.net\/wp-content\/uploads\/2019\/07\/coach-02-contact.jpg","thumbnail-image-url":"https:\/\/websitedemos.net\/wp-content\/uploads\/2019\/07\/coach-02-contact.jpg","astra-page-api-url":"https:\/\/websitedemos.net\/coach-02\/wp-json\/wp\/v2\/pages\/24","dynamic-page":"no","astra-page-url":"\/\/websitedemos.net\/coach-02\/contact\/","astra-sites-tag":{"415":"contact"},"site-pages-type":"free","site-pages-page-builder":"elementor","site-pages-category":[],"site-pages-parent-category":{"60":"business","61":"free"},"required-plugins":[{"slug":"elementor","init":"elementor\/elementor.php","name":"Elementor"},{"slug":"wpforms-lite","init":"wpforms-lite\/wpforms.php","name":"WPForms Lite"}]}},"related-bb-template":18372,"related-elementor-template":18265,"related-gutenberg-template":48342,"related_ecommerce_template":"","ecommerce_parent_template":""},"id-18266":{"title":"Motivational Speaker","id":18266,"publish-date":1518672041,"featured-image-url":"https:\/\/websitedemos.net\/wp-content\/uploads\/2018\/02\/motivational-speaker-02-1.jpg","thumbnail-image-url":"https:\/\/websitedemos.net\/wp-content\/uploads\/2018\/02\/motivational-speaker-02-1.jpg","fullpage-thumbnail-image-url":"https:\/\/websitedemos.net\/wp-content\/uploads\/2018\/02\/motivational-speaker-02-1.jpg","astra-site-url":"\/\/websitedemos.net\/motivational-speaker-02","astra-site-parent-id":179,"astra-sites-tag":{"610":"coaching","3416":"elementor","608":"guidance","612":"life-coach","609":"motivator","1020":"personal","611":"self-improvement"},"astra-sites-type":"free","astra-site-category":{"27":"business","39":"free"},"astra-sites-template-category":{"2825":"coaching","2835":"elearning","2770":"personal"},"astra-site-page-builder":"elementor","categories":{"3427":"default","2483":"expert-services","3428":"free"},"required-plugins":[{"slug":"elementor","init":"elementor\/elementor.php","name":"Elementor"},{"slug":"wpforms-lite","init":"wpforms-lite\/wpforms.php","name":"WPForms Lite"}],"post-status":"publish","post-content":"<!-- wp:paragraph -->\n<p>The Motivational Speaker template just oozes positivity, ideal for a motivational speaker or similar niche. It starts off bold with a full screen image and bright colors before opening out into a high contrast business website layout.<\/p>\n<!-- \/wp:paragraph -->\n\n<!-- wp:paragraph -->\n<p>It\u2019s an engaging design with strong colors, lots of content areas, a testimonial section and calls to action. Supporting pages are equally well designed and deliver a fully operational website for very little effort.<\/p>\n<!-- \/wp:paragraph -->\n\n<!-- wp:heading {\"UAGDay\":[]} -->\n<h2 class=\"wp-block-heading\">Key features of the Motivational Speaker template<\/h2>\n<!-- \/wp:heading -->\n\n<!-- wp:list -->\n<ul><!-- wp:list-item -->\n<li>Bold opening that instantly captivates<\/li>\n<!-- \/wp:list-item -->\n\n<!-- wp:list-item -->\n<li>Bright, positive vibe that\u2019s perfect for the niche<\/li>\n<!-- \/wp:list-item -->\n\n<!-- wp:list-item -->\n<li>Plenty of whitespace to balance the brightness<\/li>\n<!-- \/wp:list-item -->\n\n<!-- wp:list-item -->\n<li>Lots of content areas to tell your story<\/li>\n<!-- \/wp:list-item -->\n\n<!-- wp:list-item -->\n<li>Full compatibility with leading page builders<\/li>\n<!-- \/wp:list-item --><\/ul>\n<!-- \/wp:list -->","post-excerpt":"Light, bright template that oozes the positivity and engagement we expect from a speaker","pages":{"id-23675":{"title":"Home","featured-image-url":"https:\/\/websitedemos.net\/wp-content\/uploads\/2018\/02\/motivational-speaker-02-1.jpg","thumbnail-image-url":"https:\/\/websitedemos.net\/wp-content\/uploads\/2018\/02\/motivational-speaker-02-1.jpg","astra-page-api-url":"https:\/\/websitedemos.net\/motivational-speaker-02\/wp-json\/wp\/v2\/pages\/19","dynamic-page":"no","astra-page-url":"\/\/websitedemos.net\/motivational-speaker-02\/","astra-sites-tag":{"423":"home"},"site-pages-type":"free","site-pages-page-builder":"elementor","site-pages-category":[],"site-pages-parent-category":{"60":"business","61":"free"},"required-plugins":[{"slug":"elementor","init":"elementor\/elementor.php","name":"Elementor"}]},"id-23670":{"title":"About","featured-image-url":"https:\/\/websitedemos.net\/wp-content\/uploads\/2019\/07\/motivational-speaker-02-about.jpg","thumbnail-image-url":"https:\/\/websitedemos.net\/wp-content\/uploads\/2019\/07\/motivational-speaker-02-about.jpg","astra-page-api-url":"https:\/\/websitedemos.net\/motivational-speaker-02\/wp-json\/wp\/v2\/pages\/22","dynamic-page":"no","astra-page-url":"\/\/websitedemos.net\/motivational-speaker-02\/about\/","astra-sites-tag":{"352":"about"},"site-pages-type":"free","site-pages-page-builder":"elementor","site-pages-category":[],"site-pages-parent-category":{"60":"business","61":"free"},"required-plugins":[{"slug":"elementor","init":"elementor\/elementor.php","name":"Elementor"}]},"id-23674":{"title":"e-Books","featured-image-url":"https:\/\/websitedemos.net\/wp-content\/uploads\/2019\/07\/motivational-speaker-02-e-books.jpg","thumbnail-image-url":"https:\/\/websitedemos.net\/wp-content\/uploads\/2019\/07\/motivational-speaker-02-e-books.jpg","astra-page-api-url":"https:\/\/websitedemos.net\/motivational-speaker-02\/wp-json\/wp\/v2\/pages\/24","dynamic-page":"no","astra-page-url":"\/\/websitedemos.net\/motivational-speaker-02\/e-books\/","astra-sites-tag":{"727":"book","748":"ebook"},"site-pages-type":"free","site-pages-page-builder":"elementor","site-pages-category":[],"site-pages-parent-category":{"60":"business","61":"free"},"required-plugins":[{"slug":"elementor","init":"elementor\/elementor.php","name":"Elementor"}]},"id-23673":{"title":"Courses","featured-image-url":"https:\/\/websitedemos.net\/wp-content\/uploads\/2019\/07\/motivational-speaker-02-courses.jpg","thumbnail-image-url":"https:\/\/websitedemos.net\/wp-content\/uploads\/2019\/07\/motivational-speaker-02-courses.jpg","astra-page-api-url":"https:\/\/websitedemos.net\/motivational-speaker-02\/wp-json\/wp\/v2\/pages\/25","dynamic-page":"no","astra-page-url":"\/\/websitedemos.net\/motivational-speaker-02\/courses\/","astra-sites-tag":{"462":"courses"},"site-pages-type":"free","site-pages-page-builder":"elementor","site-pages-category":[],"site-pages-parent-category":{"60":"business","61":"free"},"required-plugins":[{"slug":"elementor","init":"elementor\/elementor.php","name":"Elementor"}]},"id-23672":{"title":"Contact","featured-image-url":"https:\/\/websitedemos.net\/wp-content\/uploads\/2019\/07\/motivational-speaker-02-contact.jpg","thumbnail-image-url":"https:\/\/websitedemos.net\/wp-content\/uploads\/2019\/07\/motivational-speaker-02-contact.jpg","astra-page-api-url":"https:\/\/websitedemos.net\/motivational-speaker-02\/wp-json\/wp\/v2\/pages\/27","dynamic-page":"no","astra-page-url":"\/\/websitedemos.net\/motivational-speaker-02\/contact\/","astra-sites-tag":{"415":"contact"},"site-pages-type":"free","site-pages-page-builder":"elementor","site-pages-category":[],"site-pages-parent-category":{"60":"business","61":"free"},"required-plugins":[{"slug":"elementor","init":"elementor\/elementor.php","name":"Elementor"},{"slug":"wpforms-lite","init":"wpforms-lite\/wpforms.php","name":"WPForms Lite"}]}},"related-bb-template":18384,"related-elementor-template":18266,"related-gutenberg-template":48231,"related_ecommerce_template":"","ecommerce_parent_template":""},"id-18384":{"title":"Motivational Speaker","id":18384,"publish-date":1522057475,"featured-image-url":"https:\/\/websitedemos.net\/wp-content\/uploads\/2019\/07\/motivational-speaker-03-homepage.jpg","thumbnail-image-url":"https:\/\/websitedemos.net\/wp-content\/uploads\/2019\/07\/motivational-speaker-03-homepage.jpg","fullpage-thumbnail-image-url":"https:\/\/websitedemos.net\/wp-content\/uploads\/2019\/07\/motivational-speaker-03-homepage.jpg","astra-site-url":"\/\/websitedemos.net\/motivational-speaker-03","astra-site-parent-id":195,"astra-sites-tag":{"610":"coaching","608":"guidance","612":"life-coach","855":"motivational-speaker","609":"motivator","611":"self-improvement"},"astra-sites-type":"agency-mini","astra-site-category":{"27":"business"},"astra-sites-template-category":[],"astra-site-page-builder":"beaver-builder","categories":{"2483":"expert-services"},"required-plugins":[{"slug":"beaver-builder-lite-version","init":"beaver-builder-lite-version\/fl-builder.php","name":"Beaver Builder Plugin (Lite Version)"},{"slug":"bb-ultimate-addon","init":"bb-ultimate-addon\/bb-ultimate-addon.php","name":"Ultimate Addons for Beaver Builder"},{"slug":"wpforms-lite","init":"wpforms-lite\/wpforms.php","name":"WPForms Lite"}],"post-status":"publish","post-content":"","post-excerpt":"","pages":{"id-23996":{"title":"Home","featured-image-url":"https:\/\/websitedemos.net\/wp-content\/uploads\/2019\/07\/motivational-speaker-03-homepage.jpg","thumbnail-image-url":"https:\/\/websitedemos.net\/wp-content\/uploads\/2019\/07\/motivational-speaker-03-homepage.jpg","astra-page-api-url":"https:\/\/websitedemos.net\/motivational-speaker-03\/wp-json\/wp\/v2\/pages\/7","dynamic-page":"no","astra-page-url":"\/\/websitedemos.net\/motivational-speaker-03\/","astra-sites-tag":{"423":"home"},"site-pages-type":"agency-mini","site-pages-page-builder":"beaver-builder","site-pages-category":[],"site-pages-parent-category":{"60":"business"},"required-plugins":[{"slug":"beaver-builder-lite-version","init":"beaver-builder-lite-version\/fl-builder.php","name":"Beaver Builder Plugin (Lite Version)"},{"slug":"bb-ultimate-addon","init":"bb-ultimate-addon\/bb-ultimate-addon.php","name":"Ultimate Addons for Beaver Builder"}]},"id-23991":{"title":"About","featured-image-url":"https:\/\/websitedemos.net\/wp-content\/uploads\/2019\/07\/motivational-speaker-03-about-1.jpg","thumbnail-image-url":"https:\/\/websitedemos.net\/wp-content\/uploads\/2019\/07\/motivational-speaker-03-about-1.jpg","astra-page-api-url":"https:\/\/websitedemos.net\/motivational-speaker-03\/wp-json\/wp\/v2\/pages\/20","dynamic-page":"no","astra-page-url":"\/\/websitedemos.net\/motivational-speaker-03\/about\/","astra-sites-tag":{"352":"about"},"site-pages-type":"agency-mini","site-pages-page-builder":"beaver-builder","site-pages-category":[],"site-pages-parent-category":{"60":"business"},"required-plugins":[{"slug":"beaver-builder-lite-version","init":"beaver-builder-lite-version\/fl-builder.php","name":"Beaver Builder Plugin (Lite Version)"},{"slug":"bb-ultimate-addon","init":"bb-ultimate-addon\/bb-ultimate-addon.php","name":"Ultimate Addons for Beaver Builder"}]},"id-23995":{"title":"e-Books","featured-image-url":"https:\/\/websitedemos.net\/wp-content\/uploads\/2019\/07\/motivational-speaker-03-e-books-1.jpg","thumbnail-image-url":"https:\/\/websitedemos.net\/wp-content\/uploads\/2019\/07\/motivational-speaker-03-e-books-1.jpg","astra-page-api-url":"https:\/\/websitedemos.net\/motivational-speaker-03\/wp-json\/wp\/v2\/pages\/21","dynamic-page":"no","astra-page-url":"\/\/websitedemos.net\/motivational-speaker-03\/e-books\/","astra-sites-tag":{"727":"book","781":"e-book"},"site-pages-type":"agency-mini","site-pages-page-builder":"beaver-builder","site-pages-category":[],"site-pages-parent-category":{"60":"business"},"required-plugins":[{"slug":"beaver-builder-lite-version","init":"beaver-builder-lite-version\/fl-builder.php","name":"Beaver Builder Plugin (Lite Version)"},{"slug":"bb-ultimate-addon","init":"bb-ultimate-addon\/bb-ultimate-addon.php","name":"Ultimate Addons for Beaver Builder"}]},"id-23994":{"title":"Courses","featured-image-url":"https:\/\/websitedemos.net\/wp-content\/uploads\/2019\/07\/motivational-speaker-03-courses-1.jpg","thumbnail-image-url":"https:\/\/websitedemos.net\/wp-content\/uploads\/2019\/07\/motivational-speaker-03-courses-1.jpg","astra-page-api-url":"https:\/\/websitedemos.net\/motivational-speaker-03\/wp-json\/wp\/v2\/pages\/22","dynamic-page":"no","astra-page-url":"\/\/websitedemos.net\/motivational-speaker-03\/courses\/","astra-sites-tag":{"462":"courses"},"site-pages-type":"agency-mini","site-pages-page-builder":"beaver-builder","site-pages-category":[],"site-pages-parent-category":{"60":"business"},"required-plugins":[{"slug":"beaver-builder-lite-version","init":"beaver-builder-lite-version\/fl-builder.php","name":"Beaver Builder Plugin (Lite Version)"},{"slug":"bb-ultimate-addon","init":"bb-ultimate-addon\/bb-ultimate-addon.php","name":"Ultimate Addons for Beaver Builder"}]},"id-23993":{"title":"Contact","featured-image-url":"https:\/\/websitedemos.net\/wp-content\/uploads\/2019\/07\/motivational-speaker-03-contact-1.jpg","thumbnail-image-url":"https:\/\/websitedemos.net\/wp-content\/uploads\/2019\/07\/motivational-speaker-03-contact-1.jpg","astra-page-api-url":"https:\/\/websitedemos.net\/motivational-speaker-03\/wp-json\/wp\/v2\/pages\/24","dynamic-page":"no","astra-page-url":"\/\/websitedemos.net\/motivational-speaker-03\/contact\/","astra-sites-tag":{"415":"contact"},"site-pages-type":"agency-mini","site-pages-page-builder":"beaver-builder","site-pages-category":[],"site-pages-parent-category":{"60":"business"},"required-plugins":[{"slug":"beaver-builder-lite-version","init":"beaver-builder-lite-version\/fl-builder.php","name":"Beaver Builder Plugin (Lite Version)"},{"slug":"bb-ultimate-addon","init":"bb-ultimate-addon\/bb-ultimate-addon.php","name":"Ultimate Addons for Beaver Builder"},{"slug":"wpforms-lite","init":"wpforms-lite\/wpforms.php","name":"WPForms Lite"}]}},"related-bb-template":"","related-elementor-template":"","related-gutenberg-template":"","related_ecommerce_template":"","ecommerce_parent_template":""},"id-19755":{"title":"Motivational Speaker","id":19755,"publish-date":1543500768,"featured-image-url":"https:\/\/websitedemos.net\/wp-content\/uploads\/2019\/07\/motivational-speaker-feb-20-home.jpg","thumbnail-image-url":"https:\/\/websitedemos.net\/wp-content\/uploads\/2019\/07\/motivational-speaker-feb-20-home.jpg","fullpage-thumbnail-image-url":"https:\/\/websitedemos.net\/wp-content\/uploads\/2019\/07\/motivational-speaker-feb-20-home.jpg","astra-site-url":"\/\/websitedemos.net\/motivational-speaker-05","astra-site-parent-id":176,"astra-sites-tag":{"610":"coaching","608":"guidance","612":"life-coach","609":"motivator","611":"self-improvement"},"astra-sites-type":"free","astra-site-category":{"27":"business","39":"free"},"astra-sites-template-category":[],"astra-site-page-builder":"brizy","categories":[],"required-plugins":[{"slug":"brizy","init":"brizy\/brizy.php","name":"Brizy"}],"post-status":"publish","post-content":"","post-excerpt":"","pages":{"id-23645":{"title":"Home","featured-image-url":"https:\/\/websitedemos.net\/wp-content\/uploads\/2019\/07\/motivational-speaker-feb-20-home.jpg","thumbnail-image-url":"https:\/\/websitedemos.net\/wp-content\/uploads\/2019\/07\/motivational-speaker-feb-20-home.jpg","astra-page-api-url":"https:\/\/websitedemos.net\/motivational-speaker-05\/wp-json\/wp\/v2\/pages\/122","dynamic-page":"no","astra-page-url":"\/\/websitedemos.net\/motivational-speaker-05\/","astra-sites-tag":{"423":"home"},"site-pages-type":"free","site-pages-page-builder":"brizy","site-pages-category":[],"site-pages-parent-category":{"60":"business","61":"free"},"required-plugins":[{"slug":"brizy","init":"brizy\/brizy.php","name":"Brizy"}]},"id-23640":{"title":"About","featured-image-url":"https:\/\/websitedemos.net\/wp-content\/uploads\/2019\/07\/motivational-speaker-feb-20-about.jpg","thumbnail-image-url":"https:\/\/websitedemos.net\/wp-content\/uploads\/2019\/07\/motivational-speaker-feb-20-about.jpg","astra-page-api-url":"https:\/\/websitedemos.net\/motivational-speaker-05\/wp-json\/wp\/v2\/pages\/131","dynamic-page":"no","astra-page-url":"\/\/websitedemos.net\/motivational-speaker-05\/about\/","astra-sites-tag":{"352":"about"},"site-pages-type":"free","site-pages-page-builder":"brizy","site-pages-category":[],"site-pages-parent-category":{"60":"business","61":"free"},"required-plugins":[{"slug":"brizy","init":"brizy\/brizy.php","name":"Brizy"}]},"id-23644":{"title":"e-Books","featured-image-url":"https:\/\/websitedemos.net\/wp-content\/uploads\/2019\/07\/motivational-speaker-feb-20-ebooks.jpg","thumbnail-image-url":"https:\/\/websitedemos.net\/wp-content\/uploads\/2019\/07\/motivational-speaker-feb-20-ebooks.jpg","astra-page-api-url":"https:\/\/websitedemos.net\/motivational-speaker-05\/wp-json\/wp\/v2\/pages\/137","dynamic-page":"no","astra-page-url":"\/\/websitedemos.net\/motivational-speaker-05\/e-books\/","astra-sites-tag":{"781":"e-book"},"site-pages-type":"free","site-pages-page-builder":"brizy","site-pages-category":[],"site-pages-parent-category":{"60":"business","61":"free"},"required-plugins":[{"slug":"brizy","init":"brizy\/brizy.php","name":"Brizy"}]},"id-23643":{"title":"Courses","featured-image-url":"https:\/\/websitedemos.net\/wp-content\/uploads\/2019\/07\/motivational-speaker-feb-20-courses.jpg","thumbnail-image-url":"https:\/\/websitedemos.net\/wp-content\/uploads\/2019\/07\/motivational-speaker-feb-20-courses.jpg","astra-page-api-url":"https:\/\/websitedemos.net\/motivational-speaker-05\/wp-json\/wp\/v2\/pages\/140","dynamic-page":"no","astra-page-url":"\/\/websitedemos.net\/motivational-speaker-05\/courses\/","astra-sites-tag":{"462":"courses"},"site-pages-type":"free","site-pages-page-builder":"brizy","site-pages-category":[],"site-pages-parent-category":{"60":"business","61":"free"},"required-plugins":[{"slug":"brizy","init":"brizy\/brizy.php","name":"Brizy"}]},"id-23642":{"title":"Contact","featured-image-url":"https:\/\/websitedemos.net\/wp-content\/uploads\/2019\/07\/motivational-speaker-feb-20-contact.jpg","thumbnail-image-url":"https:\/\/websitedemos.net\/wp-content\/uploads\/2019\/07\/motivational-speaker-feb-20-contact.jpg","astra-page-api-url":"https:\/\/websitedemos.net\/motivational-speaker-05\/wp-json\/wp\/v2\/pages\/146","dynamic-page":"no","astra-page-url":"\/\/websitedemos.net\/motivational-speaker-05\/contact\/","astra-sites-tag":{"415":"contact"},"site-pages-type":"free","site-pages-page-builder":"brizy","site-pages-category":[],"site-pages-parent-category":{"60":"business","61":"free"},"required-plugins":[{"slug":"brizy","init":"brizy\/brizy.php","name":"Brizy"}]}},"related-bb-template":"","related-elementor-template":"","related-gutenberg-template":"","related_ecommerce_template":"","ecommerce_parent_template":""},"id-48342":{"title":"Coach","id":48342,"publish-date":1603908987,"featured-image-url":"https:\/\/websitedemos.net\/wp-content\/uploads\/2020\/10\/coach-08.jpg","thumbnail-image-url":"https:\/\/websitedemos.net\/wp-content\/uploads\/2020\/10\/coach-08-600x1970.jpg","fullpage-thumbnail-image-url":"https:\/\/websitedemos.net\/wp-content\/uploads\/2020\/10\/coach-08-400x1313.jpg","astra-site-url":"\/\/websitedemos.net\/coach-08","astra-site-parent-id":1723,"astra-sites-tag":{"610":"coaching","608":"guidance","612":"life-coach","609":"motivator","611":"self-improvement"},"astra-sites-type":"free","astra-site-category":{"27":"business","39":"free"},"astra-sites-template-category":[],"astra-site-page-builder":"gutenberg","categories":{"2483":"expert-services"},"required-plugins":[{"slug":"ultimate-addons-for-gutenberg","init":"ultimate-addons-for-gutenberg\/ultimate-addons-for-gutenberg.php","name":"Spectra"},{"slug":"sureforms","init":"sureforms\/sureforms.php","name":"SureForms"}],"post-status":"publish","post-content":"","post-excerpt":"","pages":{"id-48347":{"title":"Home","featured-image-url":"https:\/\/websitedemos.net\/wp-content\/uploads\/2020\/10\/coach-08.jpg","thumbnail-image-url":"https:\/\/websitedemos.net\/wp-content\/uploads\/2020\/10\/coach-08-600x1970.jpg","astra-page-api-url":"https:\/\/websitedemos.net\/coach-08\/wp-json\/wp\/v2\/pages\/389","dynamic-page":"no","astra-page-url":"\/\/websitedemos.net\/coach-08\/","astra-sites-tag":{"423":"home"},"site-pages-type":"free","site-pages-page-builder":"gutenberg","site-pages-category":[],"site-pages-parent-category":{"60":"business","61":"free"},"required-plugins":[{"slug":"ultimate-addons-for-gutenberg","init":"ultimate-addons-for-gutenberg\/ultimate-addons-for-gutenberg.php","name":"Spectra"}]},"id-48343":{"title":"About","featured-image-url":"https:\/\/websitedemos.net\/wp-content\/uploads\/2020\/10\/coach-08-about-1.jpg","thumbnail-image-url":"https:\/\/websitedemos.net\/wp-content\/uploads\/2020\/10\/coach-08-about-1-600x1638.jpg","astra-page-api-url":"https:\/\/websitedemos.net\/coach-08\/wp-json\/wp\/v2\/pages\/391","dynamic-page":"no","astra-page-url":"\/\/websitedemos.net\/coach-08\/about\/","astra-sites-tag":{"352":"about"},"site-pages-type":"free","site-pages-page-builder":"gutenberg","site-pages-category":[],"site-pages-parent-category":{"60":"business","61":"free"},"required-plugins":[{"slug":"ultimate-addons-for-gutenberg","init":"ultimate-addons-for-gutenberg\/ultimate-addons-for-gutenberg.php","name":"Spectra"}]},"id-48346":{"title":"e-Books","featured-image-url":"https:\/\/websitedemos.net\/wp-content\/uploads\/2020\/10\/coach-08-ebook.jpg","thumbnail-image-url":"https:\/\/websitedemos.net\/wp-content\/uploads\/2020\/10\/coach-08-ebook-600x1161.jpg","astra-page-api-url":"https:\/\/websitedemos.net\/coach-08\/wp-json\/wp\/v2\/pages\/393","dynamic-page":"no","astra-page-url":"\/\/websitedemos.net\/coach-08\/e-book\/","astra-sites-tag":{"748":"ebook"},"site-pages-type":"free","site-pages-page-builder":"gutenberg","site-pages-category":[],"site-pages-parent-category":{"60":"business","61":"free"},"required-plugins":[{"slug":"ultimate-addons-for-gutenberg","init":"ultimate-addons-for-gutenberg\/ultimate-addons-for-gutenberg.php","name":"Spectra"}]},"id-48345":{"title":"Courses","featured-image-url":"https:\/\/websitedemos.net\/wp-content\/uploads\/2020\/10\/coach-08-courses-1.jpg","thumbnail-image-url":"https:\/\/websitedemos.net\/wp-content\/uploads\/2020\/10\/coach-08-courses-1-600x1018.jpg","astra-page-api-url":"https:\/\/websitedemos.net\/coach-08\/wp-json\/wp\/v2\/pages\/395","dynamic-page":"no","astra-page-url":"\/\/websitedemos.net\/coach-08\/courses\/","astra-sites-tag":{"462":"courses"},"site-pages-type":"free","site-pages-page-builder":"gutenberg","site-pages-category":[],"site-pages-parent-category":{"60":"business","61":"free"},"required-plugins":[{"slug":"ultimate-addons-for-gutenberg","init":"ultimate-addons-for-gutenberg\/ultimate-addons-for-gutenberg.php","name":"Spectra"}]},"id-48344":{"title":"Contact","featured-image-url":"https:\/\/websitedemos.net\/wp-content\/uploads\/2020\/10\/coach-08-contact-1.jpg","thumbnail-image-url":"https:\/\/websitedemos.net\/wp-content\/uploads\/2020\/10\/coach-08-contact-1-600x855.jpg","astra-page-api-url":"https:\/\/websitedemos.net\/coach-08\/wp-json\/wp\/v2\/pages\/397","dynamic-page":"no","astra-page-url":"\/\/websitedemos.net\/coach-08\/contact\/","astra-sites-tag":{"415":"contact"},"site-pages-type":"free","site-pages-page-builder":"gutenberg","site-pages-category":[],"site-pages-parent-category":{"60":"business","61":"free"},"required-plugins":[{"slug":"ultimate-addons-for-gutenberg","init":"ultimate-addons-for-gutenberg\/ultimate-addons-for-gutenberg.php","name":"Spectra"},{"slug":"sureforms","init":"sureforms\/sureforms.php","name":"SureForms"}]}},"related-bb-template":"","related-elementor-template":"","related-gutenberg-template":"","related_ecommerce_template":"","ecommerce_parent_template":""},"id-18222":{"title":"Brandstore Pro","id":18222,"publish-date":1516857804,"featured-image-url":"https:\/\/websitedemos.net\/wp-content\/uploads\/2019\/07\/store-03-homepage.jpg","thumbnail-image-url":"https:\/\/websitedemos.net\/wp-content\/uploads\/2019\/07\/store-03-homepage.jpg","fullpage-thumbnail-image-url":"https:\/\/websitedemos.net\/wp-content\/uploads\/2019\/07\/store-03-homepage.jpg","astra-site-url":"\/\/websitedemos.net\/store-03","astra-site-parent-id":267,"astra-sites-tag":{"639":"accessories","638":"brand-store","880":"cartflows","640":"cloth-store","637":"clothing","2418":"commerce","1017":"e-commerce","496":"ecommerce","2422":"online-market","732":"online-shop","2420":"online-shopping","383":"online-store","967":"product-store","2421":"purchases","2417":"reseller","733":"shop","2416":"shopping","749":"store","966":"woo-commerce","1024":"woocommerce"},"astra-sites-type":"agency-mini","astra-site-category":{"38":"ecommerce"},"astra-sites-template-category":[],"astra-site-page-builder":"beaver-builder","categories":{"2495":"ecommerce"},"required-plugins":[{"slug":"astra-addon","init":"astra-addon\/astra-addon.php","name":"Astra Pro"},{"slug":"beaver-builder-lite-version","init":"beaver-builder-lite-version\/fl-builder.php","name":"Beaver Builder Plugin (Lite Version)"},{"slug":"bb-ultimate-addon","init":"bb-ultimate-addon\/bb-ultimate-addon.php","name":"Ultimate Addons for Beaver Builder"},{"slug":"woocommerce","init":"woocommerce\/woocommerce.php","name":"WooCommerce"},{"slug":"woo-cart-abandonment-recovery","init":"woo-cart-abandonment-recovery\/woo-cart-abandonment-recovery.php","name":"WooCommerce Cart Abandonment Recovery"},{"slug":"wpforms-lite","init":"wpforms-lite\/wpforms.php","name":"WPForms Lite"},{"slug":"variation-swatches-woo","init":"variation-swatches-woo\/variation-swatches-woo.php","name":"Variation Swatches for WooCommerce"},{"slug":"checkout-plugins-stripe-woo","init":"checkout-plugins-stripe-woo\/checkout-plugins-stripe-woo.php","name":"Checkout Plugins - Stripe for WooCommerce"}],"post-status":"publish","post-content":"","post-excerpt":"","pages":{"id-24762":{"title":"Home","featured-image-url":"https:\/\/websitedemos.net\/wp-content\/uploads\/2019\/07\/store-03-homepage.jpg","thumbnail-image-url":"https:\/\/websitedemos.net\/wp-content\/uploads\/2019\/07\/store-03-homepage.jpg","astra-page-api-url":"https:\/\/websitedemos.net\/store-03\/wp-json\/wp\/v2\/pages\/14","dynamic-page":"yes","astra-page-url":"\/\/websitedemos.net\/store-03\/","astra-sites-tag":{"423":"home"},"site-pages-type":"agency-mini","site-pages-page-builder":"beaver-builder","site-pages-category":[],"site-pages-parent-category":{"64":"ecommerce"},"required-plugins":[{"slug":"beaver-builder-lite-version","init":"beaver-builder-lite-version\/fl-builder.php","name":"Beaver Builder Plugin (Lite Version)"},{"slug":"bb-ultimate-addon","init":"bb-ultimate-addon\/bb-ultimate-addon.php","name":"Ultimate Addons for Beaver Builder"},{"slug":"woocommerce","init":"woocommerce\/woocommerce.php","name":"WooCommerce"}]},"id-24763":{"title":"Lookbook 18","featured-image-url":"https:\/\/websitedemos.net\/wp-content\/uploads\/2019\/07\/store-03-lookbook-1.jpg","thumbnail-image-url":"https:\/\/websitedemos.net\/wp-content\/uploads\/2019\/07\/store-03-lookbook-1.jpg","astra-page-api-url":"https:\/\/websitedemos.net\/store-03\/wp-json\/wp\/v2\/pages\/592","dynamic-page":"no","astra-page-url":"\/\/websitedemos.net\/store-03\/lookbook\/","astra-sites-tag":{"752":"lookbook","444":"portfolio"},"site-pages-type":"agency-mini","site-pages-page-builder":"beaver-builder","site-pages-category":[],"site-pages-parent-category":{"64":"ecommerce"},"required-plugins":[{"slug":"beaver-builder-lite-version","init":"beaver-builder-lite-version\/fl-builder.php","name":"Beaver Builder Plugin (Lite Version)"},{"slug":"bb-ultimate-addon","init":"bb-ultimate-addon\/bb-ultimate-addon.php","name":"Ultimate Addons for Beaver Builder"}]},"id-24760":{"title":"About Us","featured-image-url":"https:\/\/websitedemos.net\/wp-content\/uploads\/2019\/07\/store-03-about.jpg","thumbnail-image-url":"https:\/\/websitedemos.net\/wp-content\/uploads\/2019\/07\/store-03-about.jpg","astra-page-api-url":"https:\/\/websitedemos.net\/store-03\/wp-json\/wp\/v2\/pages\/25","dynamic-page":"no","astra-page-url":"\/\/websitedemos.net\/store-03\/about-us\/","astra-sites-tag":{"352":"about"},"site-pages-type":"agency-mini","site-pages-page-builder":"beaver-builder","site-pages-category":[],"site-pages-parent-category":{"64":"ecommerce"},"required-plugins":[{"slug":"beaver-builder-lite-version","init":"beaver-builder-lite-version\/fl-builder.php","name":"Beaver Builder Plugin (Lite Version)"},{"slug":"bb-ultimate-addon","init":"bb-ultimate-addon\/bb-ultimate-addon.php","name":"Ultimate Addons for Beaver Builder"}]},"id-24761":{"title":"Contact Us","featured-image-url":"https:\/\/websitedemos.net\/wp-content\/uploads\/2019\/07\/store-03-contact.jpg","thumbnail-image-url":"https:\/\/websitedemos.net\/wp-content\/uploads\/2019\/07\/store-03-contact.jpg","astra-page-api-url":"https:\/\/websitedemos.net\/store-03\/wp-json\/wp\/v2\/pages\/27","dynamic-page":"yes","astra-page-url":"\/\/websitedemos.net\/store-03\/contact-us\/","astra-sites-tag":{"415":"contact"},"site-pages-type":"agency-mini","site-pages-page-builder":"beaver-builder","site-pages-category":[],"site-pages-parent-category":{"64":"ecommerce"},"required-plugins":[{"slug":"beaver-builder-lite-version","init":"beaver-builder-lite-version\/fl-builder.php","name":"Beaver Builder Plugin (Lite Version)"},{"slug":"bb-ultimate-addon","init":"bb-ultimate-addon\/bb-ultimate-addon.php","name":"Ultimate Addons for Beaver Builder"},{"slug":"woocommerce","init":"woocommerce\/woocommerce.php","name":"WooCommerce"},{"slug":"wpforms-lite","init":"wpforms-lite\/wpforms.php","name":"WPForms Lite"}]}},"related-bb-template":"","related-elementor-template":"","related-gutenberg-template":"","related_ecommerce_template":"","ecommerce_parent_template":""},"id-18201":{"title":"Wanderlust Travel Diary","id":18201,"publish-date":1516775748,"featured-image-url":"https:\/\/websitedemos.net\/wp-content\/uploads\/2018\/01\/blog-06-homepage.jpg","thumbnail-image-url":"https:\/\/websitedemos.net\/wp-content\/uploads\/2018\/01\/blog-06-homepage.jpg","fullpage-thumbnail-image-url":"https:\/\/websitedemos.net\/wp-content\/uploads\/2018\/01\/blog-06-homepage.jpg","astra-site-url":"\/\/websitedemos.net\/blog-06","astra-site-parent-id":231,"astra-sites-tag":{"544":"adventure","480":"blog","751":"exploration","430":"tourism","427":"travel","750":"travel-blog"},"astra-sites-type":"agency-mini","astra-site-category":{"37":"blog"},"astra-sites-template-category":[],"astra-site-page-builder":"beaver-builder","categories":{"2497":"blog"},"required-plugins":[{"slug":"beaver-builder-lite-version","init":"beaver-builder-lite-version\/fl-builder.php","name":"Beaver Builder Plugin (Lite Version)"},{"slug":"bb-ultimate-addon","init":"bb-ultimate-addon\/bb-ultimate-addon.php","name":"Ultimate Addons for Beaver Builder"},{"slug":"wpforms-lite","init":"wpforms-lite\/wpforms.php","name":"WPForms Lite"}],"post-status":"publish","post-content":"","post-excerpt":"","pages":{"id-24469":{"title":"About Us","featured-image-url":"https:\/\/websitedemos.net\/wp-content\/uploads\/2019\/07\/net-blog-06-about.jpg","thumbnail-image-url":"https:\/\/websitedemos.net\/wp-content\/uploads\/2019\/07\/net-blog-06-about.jpg","astra-page-api-url":"https:\/\/websitedemos.net\/blog-06\/wp-json\/wp\/v2\/pages\/26","dynamic-page":"no","astra-page-url":"\/\/websitedemos.net\/blog-06\/about-us\/","astra-sites-tag":{"352":"about"},"site-pages-type":"agency-mini","site-pages-page-builder":"beaver-builder","site-pages-category":[],"site-pages-parent-category":{"74":"blog"},"required-plugins":[{"slug":"beaver-builder-lite-version","init":"beaver-builder-lite-version\/fl-builder.php","name":"Beaver Builder Plugin (Lite Version)"},{"slug":"bb-ultimate-addon","init":"bb-ultimate-addon\/bb-ultimate-addon.php","name":"Ultimate Addons for Beaver Builder"}]},"id-24470":{"title":"Contact","featured-image-url":"https:\/\/websitedemos.net\/wp-content\/uploads\/2019\/07\/blog-06-contact.jpg","thumbnail-image-url":"https:\/\/websitedemos.net\/wp-content\/uploads\/2019\/07\/blog-06-contact.jpg","astra-page-api-url":"https:\/\/websitedemos.net\/blog-06\/wp-json\/wp\/v2\/pages\/27","dynamic-page":"no","astra-page-url":"\/\/websitedemos.net\/blog-06\/contact\/","astra-sites-tag":{"415":"contact"},"site-pages-type":"agency-mini","site-pages-page-builder":"beaver-builder","site-pages-category":[],"site-pages-parent-category":{"74":"blog"},"required-plugins":[{"slug":"beaver-builder-lite-version","init":"beaver-builder-lite-version\/fl-builder.php","name":"Beaver Builder Plugin (Lite Version)"},{"slug":"bb-ultimate-addon","init":"bb-ultimate-addon\/bb-ultimate-addon.php","name":"Ultimate Addons for Beaver Builder"},{"slug":"wpforms-lite","init":"wpforms-lite\/wpforms.php","name":"WPForms Lite"}]}},"related-bb-template":"","related-elementor-template":"","related-gutenberg-template":"","related_ecommerce_template":"","ecommerce_parent_template":""},"id-18124":{"title":"Wanderlust Travel Diary","id":18124,"publish-date":1516616741,"featured-image-url":"https:\/\/websitedemos.net\/wp-content\/uploads\/2018\/01\/id-18124-wanderlust-travel-diary-resize.jpg","thumbnail-image-url":"https:\/\/websitedemos.net\/wp-content\/uploads\/2018\/01\/id-18124-wanderlust-travel-diary-resize.jpg","fullpage-thumbnail-image-url":"https:\/\/websitedemos.net\/wp-content\/uploads\/2018\/01\/id-18124-wanderlust-travel-diary-resize.jpg","astra-site-url":"\/\/websitedemos.net\/wanderlust-travel-diary-04","astra-site-parent-id":232,"astra-sites-tag":{"544":"adventure","480":"blog","3416":"elementor","751":"exploration","1844":"premium","430":"tourism","427":"travel","750":"travel-blog"},"astra-sites-type":"agency-mini","astra-site-category":{"37":"blog"},"astra-sites-template-category":{"2828":"blog","2830":"nature","2775":"travel-tourism"},"astra-site-page-builder":"elementor","categories":{"2497":"blog","3427":"default","3429":"premium"},"required-plugins":[{"slug":"astra-addon","init":"astra-addon\/astra-addon.php","name":"Astra Pro"},{"slug":"elementor","init":"elementor\/elementor.php","name":"Elementor"},{"slug":"wpforms-lite","init":"wpforms-lite\/wpforms.php","name":"WPForms Lite"}],"post-status":"publish","post-content":"<!-- wp:paragraph -->\n<p>The Wanderlust Travel Diary template uses a blog layout with strong header image and attractive center navigation. The main page opens up to a traditional blog layout that can be customized however you like.<\/p>\n<!-- \/wp:paragraph -->\n\n<!-- wp:paragraph -->\n<p>The template is light, airy and engaging and uses a minimal design to allow your posts and images to stand out without getting in the way. All while providing all the engaging features visitors expect.<\/p>\n<!-- \/wp:paragraph -->\n\n<!-- wp:heading {\"UAGDay\":[]} -->\n<h2 class=\"wp-block-heading\">Key features of the Wanderlust Travel Diary template<\/h2>\n<!-- \/wp:heading -->\n\n<!-- wp:list -->\n<ul><!-- wp:list-item -->\n<li>Winning header design with suggestive image and fonts<\/li>\n<!-- \/wp:list-item -->\n\n<!-- wp:list-item -->\n<li>Minimal design combined with strong images to create interest<\/li>\n<!-- \/wp:list-item -->\n\n<!-- wp:list-item -->\n<li>Subtle widget areas to enable posts to be front and center<\/li>\n<!-- \/wp:list-item -->\n\n<!-- wp:list-item -->\n<li>Can be configured for any type of blog<\/li>\n<!-- \/wp:list-item -->\n\n<!-- wp:list-item -->\n<li>Full compatibility with leading page builders<\/li>\n<!-- \/wp:list-item --><\/ul>\n<!-- \/wp:list -->","post-excerpt":"Crisp blog template that delivers the simplicity you\u2019re looking for in storytelling","pages":{"id-75291":{"title":"Home","featured-image-url":"https:\/\/websitedemos.net\/wp-content\/uploads\/2023\/07\/wanderlust-travel-diary-04.jpg","thumbnail-image-url":"https:\/\/websitedemos.net\/wp-content\/uploads\/2023\/07\/wanderlust-travel-diary-04-600x1592.jpg","astra-page-api-url":"https:\/\/websitedemos.net\/wanderlust-travel-diary-04\/wp-json\/wp\/v2\/pages\/6","dynamic-page":"no","astra-page-url":"\/\/websitedemos.net\/wanderlust-travel-diary-04\/home\/","astra-sites-tag":{"423":"home"},"site-pages-type":"agency-mini","site-pages-page-builder":"elementor","site-pages-category":[],"site-pages-parent-category":{"74":"blog"},"required-plugins":[{"slug":"astra-addon","init":"astra-addon\/astra-addon.php","name":"Astra Pro"},{"slug":"elementor","init":"elementor\/elementor.php","name":"Elementor"}]},"id-24476":{"title":"About Us","featured-image-url":"https:\/\/websitedemos.net\/wp-content\/uploads\/2019\/07\/id-24476-wanderlust-travel-diary-about-us-resize.jpg","thumbnail-image-url":"https:\/\/websitedemos.net\/wp-content\/uploads\/2019\/07\/id-24476-wanderlust-travel-diary-about-us-resize.jpg","astra-page-api-url":"https:\/\/websitedemos.net\/wanderlust-travel-diary-04\/wp-json\/wp\/v2\/pages\/26","dynamic-page":"no","astra-page-url":"\/\/websitedemos.net\/wanderlust-travel-diary-04\/about-us-2\/","astra-sites-tag":{"352":"about"},"site-pages-type":"agency-mini","site-pages-page-builder":"elementor","site-pages-category":[],"site-pages-parent-category":{"74":"blog"},"required-plugins":[{"slug":"astra-addon","init":"astra-addon\/astra-addon.php","name":"Astra Pro"},{"slug":"elementor","init":"elementor\/elementor.php","name":"Elementor"}]},"id-24477":{"title":"Contact","featured-image-url":"https:\/\/websitedemos.net\/wp-content\/uploads\/2019\/07\/id-24477-wanderlust-travel-diary-contact-resize.jpg","thumbnail-image-url":"https:\/\/websitedemos.net\/wp-content\/uploads\/2019\/07\/id-24477-wanderlust-travel-diary-contact-resize.jpg","astra-page-api-url":"https:\/\/websitedemos.net\/wanderlust-travel-diary-04\/wp-json\/wp\/v2\/pages\/27","dynamic-page":"no","astra-page-url":"\/\/websitedemos.net\/wanderlust-travel-diary-04\/contact-2\/","astra-sites-tag":{"415":"contact"},"site-pages-type":"agency-mini","site-pages-page-builder":"elementor","site-pages-category":[],"site-pages-parent-category":{"74":"blog"},"required-plugins":[{"slug":"astra-addon","init":"astra-addon\/astra-addon.php","name":"Astra Pro"},{"slug":"elementor","init":"elementor\/elementor.php","name":"Elementor"},{"slug":"wpforms-lite","init":"wpforms-lite\/wpforms.php","name":"WPForms Lite"}]}},"related-bb-template":18201,"related-elementor-template":18124,"related-gutenberg-template":"","related_ecommerce_template":"","ecommerce_parent_template":""},"id-48231":{"title":"Motivational Speaker","id":48231,"publish-date":1603901316,"featured-image-url":"https:\/\/websitedemos.net\/wp-content\/uploads\/2020\/10\/motivational-speaker-08-1.jpg","thumbnail-image-url":"https:\/\/websitedemos.net\/wp-content\/uploads\/2020\/10\/motivational-speaker-08-1-600x1831.jpg","fullpage-thumbnail-image-url":"https:\/\/websitedemos.net\/wp-content\/uploads\/2020\/10\/motivational-speaker-08-1-400x1220.jpg","astra-site-url":"\/\/websitedemos.net\/motivational-speaker-08","astra-site-parent-id":1708,"astra-sites-tag":{"1545":"inspirational-speaker","855":"motivational-speaker","1709":"speaker"},"astra-sites-type":"free","astra-site-category":{"37":"blog","39":"free"},"astra-sites-template-category":[],"astra-site-page-builder":"gutenberg","categories":{"2483":"expert-services"},"required-plugins":[{"slug":"ultimate-addons-for-gutenberg","init":"ultimate-addons-for-gutenberg\/ultimate-addons-for-gutenberg.php","name":"Spectra"},{"slug":"sureforms","init":"sureforms\/sureforms.php","name":"SureForms"}],"post-status":"publish","post-content":"","post-excerpt":"","pages":{"id-92516":{"title":"e-Books","featured-image-url":"","thumbnail-image-url":"","astra-page-api-url":"https:\/\/websitedemos.net\/motivational-speaker-08\/wp-json\/wp\/v2\/pages\/1336","dynamic-page":"no","astra-page-url":"\/\/websitedemos.net\/motivational-speaker-08\/e-book\/","astra-sites-tag":[],"site-pages-type":"free","site-pages-page-builder":"gutenberg","site-pages-category":[],"site-pages-parent-category":{"74":"blog","61":"free"},"required-plugins":[{"slug":"ultimate-addons-for-gutenberg","init":"ultimate-addons-for-gutenberg\/ultimate-addons-for-gutenberg.php","name":"Spectra"}]},"id-48235":{"title":"Home","featured-image-url":"https:\/\/websitedemos.net\/wp-content\/uploads\/2020\/10\/motivational-speaker-08-1.jpg","thumbnail-image-url":"https:\/\/websitedemos.net\/wp-content\/uploads\/2020\/10\/motivational-speaker-08-1-600x1831.jpg","astra-page-api-url":"https:\/\/websitedemos.net\/motivational-speaker-08\/wp-json\/wp\/v2\/pages\/624","dynamic-page":"no","astra-page-url":"\/\/websitedemos.net\/motivational-speaker-08\/","astra-sites-tag":{"423":"home"},"site-pages-type":"free","site-pages-page-builder":"gutenberg","site-pages-category":[],"site-pages-parent-category":{"74":"blog","61":"free"},"required-plugins":[{"slug":"ultimate-addons-for-gutenberg","init":"ultimate-addons-for-gutenberg\/ultimate-addons-for-gutenberg.php","name":"Spectra"}]},"id-48232":{"title":"About","featured-image-url":"https:\/\/websitedemos.net\/wp-content\/uploads\/2020\/10\/motivational-speaker-08-about-2.jpg","thumbnail-image-url":"https:\/\/websitedemos.net\/wp-content\/uploads\/2020\/10\/motivational-speaker-08-about-2-600x1154.jpg","astra-page-api-url":"https:\/\/websitedemos.net\/motivational-speaker-08\/wp-json\/wp\/v2\/pages\/626","dynamic-page":"no","astra-page-url":"\/\/websitedemos.net\/motivational-speaker-08\/about\/","astra-sites-tag":{"352":"about"},"site-pages-type":"free","site-pages-page-builder":"gutenberg","site-pages-category":[],"site-pages-parent-category":{"74":"blog","61":"free"},"required-plugins":[{"slug":"ultimate-addons-for-gutenberg","init":"ultimate-addons-for-gutenberg\/ultimate-addons-for-gutenberg.php","name":"Spectra"}]},"id-48233":{"title":"Courses","featured-image-url":"https:\/\/websitedemos.net\/wp-content\/uploads\/2020\/10\/motivational-speaker-08-blog-2.jpg","thumbnail-image-url":"https:\/\/websitedemos.net\/wp-content\/uploads\/2020\/10\/motivational-speaker-08-blog-2-600x1063.jpg","astra-page-api-url":"https:\/\/websitedemos.net\/motivational-speaker-08\/wp-json\/wp\/v2\/pages\/628","dynamic-page":"no","astra-page-url":"\/\/websitedemos.net\/motivational-speaker-08\/blog\/","astra-sites-tag":{"480":"blog"},"site-pages-type":"free","site-pages-page-builder":"gutenberg","site-pages-category":[],"site-pages-parent-category":{"74":"blog","61":"free"},"required-plugins":[{"slug":"ultimate-addons-for-gutenberg","init":"ultimate-addons-for-gutenberg\/ultimate-addons-for-gutenberg.php","name":"Spectra"}]},"id-48234":{"title":"Contact","featured-image-url":"https:\/\/websitedemos.net\/wp-content\/uploads\/2020\/10\/motivational-speaker-08-contact-2.jpg","thumbnail-image-url":"https:\/\/websitedemos.net\/wp-content\/uploads\/2020\/10\/motivational-speaker-08-contact.jpg","astra-page-api-url":"https:\/\/websitedemos.net\/motivational-speaker-08\/wp-json\/wp\/v2\/pages\/630","dynamic-page":"no","astra-page-url":"\/\/websitedemos.net\/motivational-speaker-08\/contact\/","astra-sites-tag":{"415":"contact"},"site-pages-type":"free","site-pages-page-builder":"gutenberg","site-pages-category":[],"site-pages-parent-category":{"74":"blog","61":"free"},"required-plugins":[{"slug":"ultimate-addons-for-gutenberg","init":"ultimate-addons-for-gutenberg\/ultimate-addons-for-gutenberg.php","name":"Spectra"},{"slug":"sureforms","init":"sureforms\/sureforms.php","name":"SureForms"}]}},"related-bb-template":"","related-elementor-template":"","related-gutenberg-template":"","related_ecommerce_template":"","ecommerce_parent_template":""},"id-18137":{"title":"Brandstore Pro","id":18137,"publish-date":1516080827,"featured-image-url":"https:\/\/websitedemos.net\/wp-content\/uploads\/2018\/01\/store-04-1.jpg","thumbnail-image-url":"https:\/\/websitedemos.net\/wp-content\/uploads\/2018\/01\/store-04-1.jpg","fullpage-thumbnail-image-url":"https:\/\/websitedemos.net\/wp-content\/uploads\/2018\/01\/store-04-1.jpg","astra-site-url":"\/\/websitedemos.net\/store-04","astra-site-parent-id":269,"astra-sites-tag":{"639":"accessories","638":"brand-store","880":"cartflows","640":"cloth-store","637":"clothing","2418":"commerce","1017":"e-commerce","496":"ecommerce","3416":"elementor","2422":"online-market","732":"online-shop","2420":"online-shopping","383":"online-store","1844":"premium","967":"product-store","2421":"purchases","2417":"reseller","733":"shop","2416":"shopping","749":"store","966":"woo-commerce","1024":"woocommerce"},"astra-sites-type":"agency-mini","astra-site-category":{"38":"ecommerce"},"astra-sites-template-category":{"2777":"business","2769":"ecommerce","2858":"fashion-clothing","2857":"online-shopping"},"astra-site-page-builder":"elementor","categories":{"2479":"beauty","3427":"default","2495":"ecommerce","3429":"premium"},"required-plugins":[{"slug":"elementor","init":"elementor\/elementor.php","name":"Elementor"},{"slug":"woocommerce","init":"woocommerce\/woocommerce.php","name":"WooCommerce"},{"slug":"woo-cart-abandonment-recovery","init":"woo-cart-abandonment-recovery\/woo-cart-abandonment-recovery.php","name":"WooCommerce Cart Abandonment Recovery"},{"slug":"wpforms-lite","init":"wpforms-lite\/wpforms.php","name":"WPForms Lite"},{"slug":"astra-addon","init":"astra-addon\/astra-addon.php","name":"Astra Pro"},{"slug":"variation-swatches-woo","init":"variation-swatches-woo\/variation-swatches-woo.php","name":"Variation Swatches for WooCommerce"},{"slug":"checkout-plugins-stripe-woo","init":"checkout-plugins-stripe-woo\/checkout-plugins-stripe-woo.php","name":"Checkout Plugins - Stripe for WooCommerce"}],"post-status":"publish","post-content":"<!-- wp:paragraph -->\n<p>The Brandstore Pro template is a strong eCommerce design that provides a full screen slideshow to show off your latest products. The homepage then opens out into colorful product sections balanced by whitespace.<\/p>\n<!-- \/wp:paragraph -->\n\n<!-- wp:paragraph -->\n<p>The overall impression created by this template is high quality. This gives confidence to visitors and will help engage and hopefully, convert them into customers. The template is fully compatible with WooCommerce.<\/p>\n<!-- \/wp:paragraph -->\n\n<!-- wp:heading -->\n<h2>Key features of the Brandstore Pro template<\/h2>\n<!-- \/wp:heading -->\n\n<!-- wp:list -->\n<ul><li>Very engaging storefront design<\/li><li>Includes lots of options for showcasing products through images<\/li><li>Feature products section to highlight profitable items<\/li><li>Fully compatible with WooCommerce<\/li><li>Full compatibility with leading page builders<\/li><\/ul>\n<!-- \/wp:list -->","post-excerpt":"Engaging eCommerce template that could work perfectly for any type of online store","pages":{"id-34098":{"title":"Home","featured-image-url":"https:\/\/websitedemos.net\/wp-content\/uploads\/2018\/01\/store-04-1.jpg","thumbnail-image-url":"https:\/\/websitedemos.net\/wp-content\/uploads\/2018\/01\/store-04-1.jpg","astra-page-api-url":"https:\/\/websitedemos.net\/store-04\/wp-json\/wp\/v2\/pages\/14","dynamic-page":"yes","astra-page-url":"\/\/websitedemos.net\/store-04\/","astra-sites-tag":{"423":"home"},"site-pages-type":"agency-mini","site-pages-page-builder":"elementor","site-pages-category":[],"site-pages-parent-category":{"64":"ecommerce"},"required-plugins":[{"slug":"astra-addon","init":"astra-addon\/astra-addon.php","name":"Astra Pro"},{"slug":"elementor","init":"elementor\/elementor.php","name":"Elementor"},{"slug":"variation-swatches-woo","init":"variation-swatches-woo\/variation-swatches-woo.php","name":"Variation Swatches for WooCommerce"},{"slug":"woocommerce","init":"woocommerce\/woocommerce.php","name":"WooCommerce"},{"slug":"woo-cart-abandonment-recovery","init":"woo-cart-abandonment-recovery\/woo-cart-abandonment-recovery.php","name":"WooCommerce Cart Abandonment Recovery"}]},"id-24775":{"title":"Lookbook","featured-image-url":"https:\/\/websitedemos.net\/wp-content\/uploads\/2018\/01\/store-04-lookbook.jpg","thumbnail-image-url":"https:\/\/websitedemos.net\/wp-content\/uploads\/2018\/01\/store-04-lookbook.jpg","astra-page-api-url":"https:\/\/websitedemos.net\/store-04\/wp-json\/wp\/v2\/pages\/568","dynamic-page":"no","astra-page-url":"\/\/websitedemos.net\/store-04\/lookbook\/","astra-sites-tag":{"727":"book","752":"lookbook"},"site-pages-type":"agency-mini","site-pages-page-builder":"elementor","site-pages-category":[],"site-pages-parent-category":{"64":"ecommerce"},"required-plugins":[{"slug":"astra-addon","init":"astra-addon\/astra-addon.php","name":"Astra Pro"},{"slug":"elementor","init":"elementor\/elementor.php","name":"Elementor"}]},"id-24772":{"title":"About Us","featured-image-url":"https:\/\/websitedemos.net\/wp-content\/uploads\/2018\/01\/store-04-about-us.jpg","thumbnail-image-url":"https:\/\/websitedemos.net\/wp-content\/uploads\/2018\/01\/store-04-about-us.jpg","astra-page-api-url":"https:\/\/websitedemos.net\/store-04\/wp-json\/wp\/v2\/pages\/25","dynamic-page":"no","astra-page-url":"\/\/websitedemos.net\/store-04\/about-us\/","astra-sites-tag":{"352":"about"},"site-pages-type":"agency-mini","site-pages-page-builder":"elementor","site-pages-category":[],"site-pages-parent-category":{"64":"ecommerce"},"required-plugins":[{"slug":"astra-addon","init":"astra-addon\/astra-addon.php","name":"Astra Pro"},{"slug":"elementor","init":"elementor\/elementor.php","name":"Elementor"}]},"id-24773":{"title":"Contact Us","featured-image-url":"https:\/\/websitedemos.net\/wp-content\/uploads\/2018\/01\/store-04-contact-us.jpg","thumbnail-image-url":"https:\/\/websitedemos.net\/wp-content\/uploads\/2018\/01\/store-04-contact-us.jpg","astra-page-api-url":"https:\/\/websitedemos.net\/store-04\/wp-json\/wp\/v2\/pages\/27","dynamic-page":"yes","astra-page-url":"\/\/websitedemos.net\/store-04\/contact-us\/","astra-sites-tag":{"415":"contact"},"site-pages-type":"agency-mini","site-pages-page-builder":"elementor","site-pages-category":[],"site-pages-parent-category":{"64":"ecommerce"},"required-plugins":[{"slug":"astra-addon","init":"astra-addon\/astra-addon.php","name":"Astra Pro"},{"slug":"elementor","init":"elementor\/elementor.php","name":"Elementor"},{"slug":"variation-swatches-woo","init":"variation-swatches-woo\/variation-swatches-woo.php","name":"Variation Swatches for WooCommerce"},{"slug":"woocommerce","init":"woocommerce\/woocommerce.php","name":"WooCommerce"},{"slug":"woo-cart-abandonment-recovery","init":"woo-cart-abandonment-recovery\/woo-cart-abandonment-recovery.php","name":"WooCommerce Cart Abandonment Recovery"},{"slug":"wpforms-lite","init":"wpforms-lite\/wpforms.php","name":"WPForms Lite"}]}},"related-bb-template":18222,"related-elementor-template":18137,"related-gutenberg-template":85590,"related_ecommerce_template":"","ecommerce_parent_template":""},"id-21589":{"title":"Fashion Lifestyle Blog","id":21589,"publish-date":1557898277,"featured-image-url":"https:\/\/websitedemos.net\/wp-content\/uploads\/2019\/07\/fashion-lifestyle-02-homepage.jpg","thumbnail-image-url":"https:\/\/websitedemos.net\/wp-content\/uploads\/2019\/07\/fashion-lifestyle-02-homepage.jpg","fullpage-thumbnail-image-url":"https:\/\/websitedemos.net\/wp-content\/uploads\/2019\/07\/fashion-lifestyle-02-homepage.jpg","astra-site-url":"\/\/websitedemos.net\/fashion-lifestyle-02","astra-site-parent-id":137,"astra-sites-tag":{"480":"blog","3416":"elementor","482":"fashion","479":"lifestyle","1020":"personal","483":"styling-shopping","481":"trend"},"astra-sites-type":"free","astra-site-category":{"37":"blog","39":"free"},"astra-sites-template-category":{"2790":"beauty-fashion","2828":"blog","2794":"consulting"},"astra-site-page-builder":"elementor","categories":{"2497":"blog","3427":"default","3428":"free"},"required-plugins":[{"slug":"astra-widgets","init":"astra-widgets\/astra-widgets.php","name":"Astra Widgets"},{"slug":"elementor","init":"elementor\/elementor.php","name":"Elementor"},{"slug":"ultimate-addons-for-gutenberg","init":"ultimate-addons-for-gutenberg\/ultimate-addons-for-gutenberg.php","name":"Spectra"},{"slug":"wpforms-lite","init":"wpforms-lite\/wpforms.php","name":"WPForms Lite"}],"post-status":"publish","post-content":"<!-- wp:paragraph -->\n<p>The Fashion Lifestyle Blog template has a feminine feel with soft colors and fonts and alternating whitespace and content areas. It\u2019s a very stylish design that suits fashion and lifestyle perfectly.<\/p>\n<!-- \/wp:paragraph -->\n\n<!-- wp:paragraph -->\n<p>While designed as a blog, the design could be easily adapted for a website and be used to showcase your creations and even sell them online. All without having to touch a line of code. It really does have everything!<\/p>\n<!-- \/wp:paragraph -->\n\n<!-- wp:heading {\"UAGDay\":[]} -->\n<h2 class=\"wp-block-heading\">Key features of the Fashion Lifestyle Blog template<\/h2>\n<!-- \/wp:heading -->\n\n<!-- wp:list -->\n<ul><!-- wp:list-item -->\n<li>Stylish feminine blog theme ideal for fashion or lifestyle<\/li>\n<!-- \/wp:list-item -->\n\n<!-- wp:list-item -->\n<li>Lovely colors and fonts<\/li>\n<!-- \/wp:list-item -->\n\n<!-- wp:list-item -->\n<li>Good use of images throughout the design<\/li>\n<!-- \/wp:list-item -->\n\n<!-- wp:list-item -->\n<li>Can be customized to suit any use with minimal effort<\/li>\n<!-- \/wp:list-item -->\n\n<!-- wp:list-item -->\n<li>Full compatibility with drag and drop page builders<\/li>\n<!-- \/wp:list-item --><\/ul>\n<!-- \/wp:list -->","post-excerpt":"Lifestyle blog template design to instantly create a connection with the audience","pages":{"id-23319":{"title":"Home","featured-image-url":"https:\/\/websitedemos.net\/wp-content\/uploads\/2019\/07\/fashion-lifestyle-02-homepage.jpg","thumbnail-image-url":"https:\/\/websitedemos.net\/wp-content\/uploads\/2019\/07\/fashion-lifestyle-02-homepage.jpg","astra-page-api-url":"https:\/\/websitedemos.net\/fashion-lifestyle-02\/wp-json\/wp\/v2\/pages\/855","dynamic-page":"no","astra-page-url":"\/\/websitedemos.net\/fashion-lifestyle-02\/","astra-sites-tag":{"423":"home"},"site-pages-type":"free","site-pages-page-builder":"elementor","site-pages-category":[],"site-pages-parent-category":{"74":"blog","61":"free"},"required-plugins":[{"slug":"astra-widgets","init":"astra-widgets\/astra-widgets.php","name":"Astra Widgets"},{"slug":"elementor","init":"elementor\/elementor.php","name":"Elementor"}]},"id-23317":{"title":"Blog","featured-image-url":"https:\/\/websitedemos.net\/wp-content\/uploads\/2019\/07\/fashion-lifestyle-02-blog.jpg","thumbnail-image-url":"https:\/\/websitedemos.net\/wp-content\/uploads\/2019\/07\/fashion-lifestyle-02-blog.jpg","astra-page-api-url":"https:\/\/websitedemos.net\/fashion-lifestyle-02\/wp-json\/wp\/v2\/pages\/9","dynamic-page":"no","astra-page-url":"\/\/websitedemos.net\/fashion-lifestyle-02\/blog\/","astra-sites-tag":{"480":"blog"},"site-pages-type":"free","site-pages-page-builder":"gutenberg","site-pages-category":[],"site-pages-parent-category":{"74":"blog","61":"free"},"required-plugins":[{"slug":"ultimate-addons-for-gutenberg","init":"ultimate-addons-for-gutenberg\/ultimate-addons-for-gutenberg.php","name":"Spectra"}]},"id-23318":{"title":"Contact","featured-image-url":"https:\/\/websitedemos.net\/wp-content\/uploads\/2019\/07\/fashion-lifestyle-02-contact.jpg","thumbnail-image-url":"https:\/\/websitedemos.net\/wp-content\/uploads\/2019\/07\/fashion-lifestyle-02-contact.jpg","astra-page-api-url":"https:\/\/websitedemos.net\/fashion-lifestyle-02\/wp-json\/wp\/v2\/pages\/11","dynamic-page":"no","astra-page-url":"\/\/websitedemos.net\/fashion-lifestyle-02\/contact-me\/","astra-sites-tag":{"415":"contact"},"site-pages-type":"free","site-pages-page-builder":"elementor","site-pages-category":[],"site-pages-parent-category":{"74":"blog","61":"free"},"required-plugins":[{"slug":"astra-widgets","init":"astra-widgets\/astra-widgets.php","name":"Astra Widgets"},{"slug":"elementor","init":"elementor\/elementor.php","name":"Elementor"},{"slug":"wpforms-lite","init":"wpforms-lite\/wpforms.php","name":"WPForms Lite"}]}},"related-bb-template":"","related-elementor-template":"","related-gutenberg-template":70993,"related_ecommerce_template":"","ecommerce_parent_template":""}}